password,length,uppercase,lowercase,digits,special,strength
odJFCrn*l2edlBD#,16,5,8,1,2,Strong
dz*1C5Jau2RJtBR,15,6,5,3,1,Strong
lWmTSHf,7,4,3,0,0,Weak
&pWkLUyifDLkD,13,6,6,0,1,Medium
WJ6UuVT,7,5,1,1,0,Medium
Ijv&Fu7WI,9,4,3,1,1,Strong
CPhDeOZIiBOB@Y6s,16,10,4,1,1,Strong
rF&H2ZUCr$,10,5,2,1,2,Strong
lgotu2iXW7^Gb,13,3,7,2,1,Strong
o&IRoL3u6aH#w#nM,16,5,6,2,3,Strong
#ztVu*^aP!coUNEh,16,5,7,0,4,Medium
kk!i&qq8v,9,0,6,1,2,Medium
^2B*zNZV4%,10,4,1,2,3,Strong
pFCiRcDCajhDi,13,6,7,0,0,Medium
Qj$EJ!,6,3,1,0,2,Medium
*q8F80ymm,9,1,4,3,1,Strong
3T207gmhZRnFyy&5,16,4,6,5,1,Strong
2xJ7Fj4m,8,2,3,3,0,Medium
*blEv0,6,1,3,1,1,Medium
9BZhvWaXH6K2!,13,6,3,3,1,Strong
yLBh*hOh,8,3,4,0,1,Medium
9#^uh$,6,0,2,1,3,Medium
xiiEZpF,7,3,4,0,0,Weak
fk1%OHAOEHYqM6O,15,9,3,2,1,Strong
b6mj&B#,7,1,3,1,2,Medium
qSiFVKu4*M,10,5,3,1,1,Strong
^bMnrHontIKARAH,15,8,6,0,1,Medium
!Ggl2JfaQqHu42,14,4,6,3,1,Strong
bojt*eVs3qfNUf,14,3,9,1,1,Strong
AFnT0tEuw0d,11,4,5,2,0,Medium
Q0FIunWe,8,4,3,1,0,Medium
Cz6SNDCdyZQJi,13,8,4,1,0,Medium
S$Z&QdoHwH,10,5,3,0,2,Medium
n3SO3$,6,2,1,2,1,Medium
XyGf3a%,7,2,3,1,1,Medium
zU3iQOpM#N0PZL,14,8,3,2,1,Strong
qy1WwMZaMKA3P7,14,7,4,3,0,Medium
4B$8vkK$QlENC,13,6,3,2,2,Strong
sdfF8j61y,9,1,5,3,0,Medium
@ZFsan2Cw%7g,12,3,5,2,2,Strong
Fp6r7^O4#25u85,14,2,3,7,2,Strong
FJ%!EJ4jKE,10,6,1,1,2,Strong
QO*krtDXtB,10,5,4,0,1,Medium
10Q*71h,7,1,1,4,1,Medium
1XcW9aTMX,9,5,2,2,0,Medium
&*C!CI3!dXRZ,12,6,1,1,4,Strong
7q&dYdk2,8,1,4,2,1,Strong
7xgHWPB6,8,4,2,2,0,Medium
RWJ1Gk8c*gS,11,5,3,2,1,Strong
ifdFzctEq,9,2,7,0,0,Medium
oB7GVvouNndNW,13,6,6,1,0,Medium
zjFnMpfS&2Vi,12,4,6,1,1,Strong
Rb1!n3U6t3w%I&,14,3,4,4,3,Strong
73IPFlJ5F7WRd,13,7,2,4,0,Medium
Px!BTHRJJb%yk,13,7,4,0,2,Medium
0!E8!5clL,9,2,2,3,2,Strong
ZFNV8^S2Q,9,6,0,2,1,Medium
6INGDpyOp&x,11,5,4,1,1,Strong
B9J^KmyLD,9,5,2,1,1,Strong
wMb&qJfgLq!,11,3,6,0,2,Medium
bK894Rx,7,2,2,3,0,Medium
G9oiZ!,6,2,2,1,1,Medium
gttMkFp,7,2,5,0,0,Weak
1C%W54M2NhmABH,14,7,2,4,1,Strong
kuEwjua058LeDKK6,16,5,7,4,0,Medium
DHz2o*C,7,3,2,1,1,Medium
tIsjhvNK4p7MZI#*,16,6,6,2,2,Strong
4kf3PGdlDcIfw,13,4,7,2,0,Medium
%4Jx3!l8S0QPn,13,4,3,4,2,Strong
Q0@KZe6l,8,3,2,2,1,Strong
GPoZ$a*70gy,11,3,4,2,2,Strong
U@4gAIqK4!pdEu,14,5,5,2,2,Strong
b0lCo7pt@L,10,2,5,2,1,Strong
I198F6sXy$riJ1,14,4,4,5,1,Strong
#IaKM!t5&9S,11,4,2,2,3,Strong
*W6PyEXD0fO,11,6,2,2,1,Strong
WXt@eq#Qm4m^6,13,3,5,2,3,Strong
s0tj8H,6,1,3,2,0,Medium
YkQ&WO!*eiE,11,5,3,0,3,Medium
KDl3mm4vMdfPhLTV,16,7,7,2,0,Medium
sF^0xvwkWE@s,12,3,6,1,2,Strong
7G6Gb7K*u,9,3,2,3,1,Strong
4SM2G6M,7,4,0,3,0,Weak
X9nEWTLLc,9,6,2,1,0,Medium
YJbg@KDTCyGrmfN4,16,8,6,1,1,Strong
UqlLP1,6,3,2,1,0,Medium
zq*U^#Iv,8,2,3,0,3,Medium
9LRo7jsCYU,10,5,3,2,0,Medium
YbH&p6V,7,3,2,1,1,Medium
HWVnD8dPCi7M0orf,16,7,6,3,0,Medium
M@omE&,6,2,2,0,2,Medium
X6V*1t1m,8,2,2,3,1,Strong
0JeVB44EUmV*T,13,7,2,3,1,Strong
YJyp6l,6,2,3,1,0,Medium
BcgQFqAiABDQsaJs,16,9,7,0,0,Medium
*GwodqbT,8,2,5,0,1,Medium
PcwHgq1^o,9,2,5,1,1,Strong
85U$n5#,7,1,1,3,2,Medium
f%M6dh9Z2,9,2,3,3,1,Strong
n!4jkPsiqJPW^L6#,16,5,6,2,3,Strong
3moB35D0R6Z1mO2,15,5,3,7,0,Medium
GVt8ilkl3mV,11,3,6,2,0,Medium
hQp0T2gK,8,3,3,2,0,Medium
NTn#Bt9CnSVoJC2,15,8,4,2,1,Strong
dIdxINRSaxsZis,14,6,8,0,0,Medium
dl^BW16RuVNPkgtu,16,6,7,2,1,Strong
gkI42!41IB$oS3o,15,4,4,5,2,Strong
!^NfCYhaAM,10,5,3,0,2,Medium
rGLPpa@3w,9,3,4,1,1,Strong
W&D#TjYf,8,4,2,0,2,Medium
c6jO2Z1LoZcP,12,5,4,3,0,Medium
6Ul3nF3Z,8,3,2,3,0,Medium
kYNRCQvj$o^$yS,14,6,5,0,3,Medium
sEnsGzwtjw@,11,2,8,0,1,Medium
5POt4i84MJhT#,13,5,3,4,1,Strong
N75ehVK,7,3,2,2,0,Medium
l#X7f5y,7,1,3,2,1,Medium
8#th5nRk#wf,11,1,6,2,2,Strong
44^%uUVKX,9,4,1,2,2,Strong
RgQiQmXKGtQk,12,7,5,0,0,Medium
sSNYqkNWQq^l2$U,15,7,5,1,2,Strong
UNxBR!,6,4,1,0,1,Medium
CrtjLm#*^,9,2,4,0,3,Medium
RqWtux,6,2,4,0,0,Weak
v4f0UE4K5D&EN8y,15,6,3,5,1,Strong
47KW#^1uzrG,11,3,3,3,2,Strong
9Vn%pK,6,2,2,1,1,Medium
uI5$s3l,7,1,3,2,1,Medium
5Sd1gY#VE,9,4,2,2,1,Strong
kVCdOmQsreK8,12,5,6,1,0,Medium
85akcGBt,8,2,4,2,0,Medium
^2oKEMpgE16io@,14,4,5,3,2,Strong
&c$EsL2aTE1xk^U,15,5,5,2,3,Strong
^*##cX8,7,1,1,1,4,Medium
XVGcTi,6,4,2,0,0,Weak
EnQrfT*Rw79,11,4,4,2,1,Strong
xri6eLzfzfON$Y*8,16,4,8,2,2,Strong
eyKTgQIpV3,10,5,4,1,0,Medium
4XRx@@V%Ik2k,12,4,3,2,3,Strong
x*LPnkPLN52v,12,5,4,2,1,Strong
S5fT3JhjZU$ud,13,5,5,2,1,Strong
4eqiEUUX,8,4,3,1,0,Medium
et5VV4jr^UYOJFo,15,7,5,2,1,Strong
x@%XpH,6,2,2,0,2,Medium
5BK!zprj5w,10,2,5,2,1,Strong
lOSi*LMuwU$Cp,13,6,5,0,2,Medium
rE@dUV7ql,9,3,4,1,1,Strong
NY9^00j,7,2,1,3,1,Medium
Oj57%Sqx,8,2,3,2,1,Strong
3#hp%tMv,8,1,4,1,2,Strong
PCS%KkGz,8,5,2,0,1,Medium
JqM&l#vtvRfdkfHA,16,5,9,0,2,Medium
1d@*LM9FZM6jhu4,15,5,4,4,2,Strong
97ARsOOSZqV$,12,7,2,2,1,Strong
nOE7pI5FsmgLX1,14,6,5,3,0,Medium
uPOyu@$7@,9,2,3,1,3,Strong
@clY#6EBTg,10,4,3,1,2,Strong
K@8K&b,6,2,1,1,2,Medium
3rHUZUf,7,4,2,1,0,Medium
gyUKjX#5Jpqm,12,4,6,1,1,Strong
VRUsz$Z#ffer,12,4,6,0,2,Medium
8%6t$rPOuYM,11,4,3,2,2,Strong
R#$&!M8cVQo1Nd8,15,5,3,3,4,Strong
Dg9v^WsFeo,10,3,5,1,1,Strong
c4O1t0A0#,9,2,2,4,1,Strong
8hr%AP9^WOw6&R*,15,5,3,3,4,Strong
H9yFJMCMKA!,11,8,1,1,1,Strong
9SJKp*WYSsL,11,7,2,1,1,Strong
KkS4G9,6,3,1,2,0,Medium
z&IIrnEFg,9,4,4,0,1,Medium
^CDgm0Q8mrau089z,16,3,7,5,1,Strong
PKhlD&ew1w,10,3,5,1,1,Strong
Y@xLeb,6,2,3,0,1,Medium
nQK6*^@r#7,10,2,2,2,4,Strong
yoQu6GxbRL,10,4,5,1,0,Medium
ywZ2$PlZmxr9PFa,15,5,7,2,1,Strong
XE5IQMbHUE,10,8,1,1,0,Medium
p7NuZ#,6,2,2,1,1,Medium
pLVCCr9t6V,10,5,3,2,0,Medium
8&BFk^5^Ujoh,12,3,4,2,3,Strong
#z&tvP%4oA!l$5,14,2,5,2,5,Strong
6q$16h,6,0,2,3,1,Medium
7NcYGaBjf2Si*h,14,5,6,2,1,Strong
8eK0xr1,7,1,3,3,0,Medium
W5WWk*rSpw&,11,4,4,1,2,Strong
^qCacM7*2&WD,12,4,3,2,3,Strong
6StJyoe1c,9,2,5,2,0,Medium
Aime5gFfZ,9,3,5,1,0,Medium
D*Bhr#LDOPEMs,13,8,3,0,2,Medium
%C0MJhw2@gSW^O10,16,6,3,4,3,Strong
MWx&8ECM,8,5,1,1,1,Strong
7h01^rXF,8,2,2,3,1,Strong
AQk5Vl&ygI,10,4,4,1,1,Strong
fjyB9AQMbByp,12,5,6,1,0,Medium
FAYEPKW7&TNHU,13,11,0,1,1,Medium
@7m8OAVO0fCscH,14,6,4,3,1,Strong
1LtzQDWF@RG!!6,14,7,2,2,3,Strong
Tvr*!x*h,8,1,4,0,3,Medium
ejga0rDitbB#6V,14,3,8,2,1,Strong
9!ca&0,6,0,2,2,2,Medium
c^J&Kc,6,2,2,0,2,Medium
3wnm^tEy^GTIYk,14,5,6,1,2,Strong
Z6FCMkelZWW,11,7,3,1,0,Medium
8hbvk@3Qm^fDB8,14,3,6,3,2,Strong
fjJ*ewOcAs,10,3,6,0,1,Medium
jMuEX*QXrk#S,12,6,4,0,2,Medium
m3DjRY,6,3,2,1,0,Medium
dI5!DTW3xWk,11,5,3,2,1,Strong
LFjkItWtXOUnlaN,15,8,7,0,0,Medium
UInqlx35$0ndl,13,2,7,3,1,Strong
lPXbL0XkF%v,11,5,4,1,1,Strong
WvrIMI@siv3J1M9j,16,6,6,3,1,Strong
GF@z6nrMaYQ,11,5,4,1,1,Strong
WQ4Q3rMPz9OwYOL,15,9,3,3,0,Medium
!FPWJYUoz*xd7A4L,16,8,4,2,2,Strong
0@rMEGt,7,3,2,1,1,Medium
Wj59Z&#1*eU&,12,3,2,3,4,Strong
knFTvfZQ3nbmHC$,15,6,7,1,1,Strong
C5VY7#tSd9nL1k,14,5,4,4,1,Strong
sSNR6A%,7,4,1,1,1,Medium
S8m45OiMfocRn,13,4,6,3,0,Medium
vF%wuQ27DZxx3Ydz,16,5,7,3,1,Strong
2XaBAJin&xUPz,13,6,5,1,1,Strong
oH!^OXYoST6wM,13,7,3,1,2,Strong
krOpENoxVs$X1rX,15,6,7,1,1,Strong
x!&wv!KrxO5g,12,2,6,1,3,Strong
b!ryX#@0!14,11,1,3,3,4,Strong
vkdCLeJC&Kv6@,13,5,5,1,2,Strong
$ooI*U*f4*B2nF,14,4,4,2,4,Strong
e5HSl4pEAS,10,5,3,2,0,Medium
2vrAAhS&J&vPLLI,15,8,4,1,2,Strong
mr0hJqqFsPFY!s,14,5,7,1,1,Strong
I1W5jlZ$JV6!Pal,15,6,4,3,2,Strong
Ti&YB2B@IPKRq,13,8,2,1,2,Strong
!Rgfm6cpu46a2zq,15,1,9,4,1,Strong
MuJlUGkVvgYND2lm,16,8,7,1,0,Medium
B9jqC%,6,2,2,1,1,Medium
4bbRp2q9jDXlnnOV,16,5,8,3,0,Medium
rWrsi^bv4S,10,2,6,1,1,Strong
t04BlmrpX,9,2,5,2,0,Medium
2OrFJkFKdMA,11,7,3,1,0,Medium
$yYLgE@XoE@j^b,14,5,5,0,4,Medium
OqX1U*w8jci,11,3,5,2,1,Strong
HBfhY#,6,3,2,0,1,Medium
#12Zk&&tJk,10,2,3,2,3,Strong
k$At&PYiN3,10,4,3,1,2,Strong
hFl3o6hNw,9,2,5,2,0,Medium
brbu@S%,7,1,4,0,2,Medium
HvVqIpdQ2I^iHj,14,6,6,1,1,Strong
6$Uh@vVuGnoD$,13,4,5,1,3,Strong
fbFf8U,6,2,3,1,0,Medium
twe1CPF1OIjV,12,6,4,2,0,Medium
#gwC%fZ,7,2,3,0,2,Medium
7KNPl6b,7,3,2,2,0,Medium
zLMF7V@z*Ft,11,5,3,1,2,Strong
0dD*Sb,6,2,2,1,1,Medium
aWNnA^E1!hs,11,4,4,1,2,Strong
lfD%0V6km#,10,2,4,2,2,Strong
Yjh3qELH,8,4,3,1,0,Medium
YPO5IDjzrnt,11,5,5,1,0,Medium
v57O0p&,7,1,2,3,1,Medium
A5N7HpluMfB,11,5,4,2,0,Medium
slFTY$gMHwd,11,5,5,0,1,Medium
5Fm7nrpbhCqz,12,2,8,2,0,Medium
VkHjciz4qlQp,12,3,8,1,0,Medium
7gv3Y@,6,1,2,2,1,Medium
W2wTBx,6,3,2,1,0,Medium
J5teFL@09h,10,3,3,3,1,Strong
JXr1z^F,7,3,2,1,1,Medium
*cWT9*!S#PXIxdOC,16,8,3,1,4,Strong
Jh8^TD,6,3,1,1,1,Medium
mFEI&hCX,8,5,2,0,1,Medium
wwEOTdTsy@*,11,4,5,0,2,Medium
w!elhDCc^9,10,2,5,1,2,Strong
QzqRwP,6,3,3,0,0,Weak
csso^U,6,1,4,0,1,Medium
VYmRMPr,7,5,2,0,0,Weak
3!OwTCwW,8,4,2,1,1,Strong
LqwaYexOCn,10,4,6,0,0,Medium
sQjESOvlQ5bHA,13,7,5,1,0,Medium
iSGnagX41,9,3,4,2,0,Medium
0@WS*Wm9,8,3,1,2,2,Strong
Cu5jeLcOHnjRvWu,15,6,8,1,0,Medium
lR9d3v3,7,1,3,3,0,Medium
gmQAy0*H,8,3,3,1,1,Strong
KMEmgY!tgUa2lL9z,16,6,7,2,1,Strong
dAvLk8o,7,2,4,1,0,Medium
Y8!Hl*XxVW,10,5,2,1,2,Strong
x5fH47HCIht,11,4,4,3,0,Medium
mkS*0DhX%1&8E8Mk,16,5,4,4,3,Strong
e#%sp5wvByqf,12,1,8,1,2,Strong
k3zsHOilXYPJ,12,6,5,1,0,Medium
6b%1o1tsmnmK&S,14,2,7,3,2,Strong
HX!8ewJZsZeY,12,6,4,1,1,Strong
Eg8IVcRMNJ!,11,7,2,1,1,Strong
mDrM4PI1ly4B0!%V,16,6,4,4,2,Strong
$uiN#Z,6,2,2,0,2,Medium
^dwyzhFe,8,1,6,0,1,Medium
gUzJV7#YpdEV!,13,6,4,1,2,Strong
5w8SSuHlKdXguBC,15,7,6,2,0,Medium
CAI0$cb8qwbCGNJ2,16,7,5,3,1,Strong
S6GB7M%Yna$V,12,6,2,2,2,Strong
KMn9iRJPJHMyt%,14,8,4,1,1,Strong
hZOrd@LH1,9,4,3,1,1,Strong
XeyRC&8T#Mvx,12,5,4,1,2,Strong
m8qHxQlCTC,10,5,4,1,0,Medium
1QVHL7p8gj,10,4,3,3,0,Medium
y#pW^M0gtrzR0,13,3,6,2,2,Strong
6sOxk!QwOha5JAv,15,5,7,2,1,Strong
u!lq32Z29Xae&zV,15,3,6,4,2,Strong
P^ycaF,6,2,3,0,1,Medium
SNqnX#Nvi,9,4,4,0,1,Medium
ML6%^R,6,3,0,1,2,Medium
rR!TyvZcDCqB,12,6,5,0,1,Medium
#vpUeW,6,2,3,0,1,Medium
G&ggncgo14WpG8tA,16,4,8,3,1,Strong
bM1m%Ir1n$pKon@z,16,3,8,2,3,Strong
zH%zT0Luf@A9QEa,15,6,5,2,2,Strong
lo@tl$,6,0,4,0,2,Weak
mGD6LH7,7,4,1,2,0,Medium
mwfLUO,6,3,3,0,0,Weak
omfbrvQT4IlV,12,4,7,1,0,Medium
xoZZ6IX91vo,11,4,4,3,0,Medium
hun194xW,8,1,4,3,0,Medium
dq9!o04fiHO,11,2,5,3,1,Strong
^CR%%m,6,2,1,0,3,Medium
F9SXtgbu#8@v,12,3,5,2,2,Strong
!PEQJg#,7,4,1,0,2,Medium
WZEk645l@,9,3,2,3,1,Strong
Op@cnZ0ealM$A,13,4,6,1,2,Strong
6RUgC6Q8U5omCaRT,16,8,4,4,0,Medium
L%Vnfv@r0nGzypYB,16,5,8,1,2,Strong
yRn1fp56#r@a^,13,1,6,3,3,Strong
39$wwq,6,0,3,2,1,Medium
XP#X1FJ,7,5,0,1,1,Medium
RL5rr0$MOBzA,12,6,3,2,1,Strong
LSqw#*PoT91&K2b,15,5,4,3,3,Strong
ndWsghzIuKGshL,14,5,9,0,0,Medium
*eT5nCXE$,9,4,2,1,2,Strong
gWX1OgbGz4,10,4,4,2,0,Medium
V*zyL5wjx,9,2,5,1,1,Strong
$pWf2JHq,8,3,3,1,1,Strong
GaQ7tftP,8,3,4,1,0,Medium
gM!TjO^Cx%i#u1*,15,4,5,1,5,Strong
ZlSCBQQULB^8bo,14,9,3,1,1,Strong
S5EFfPWoXG*Kd%V$,16,9,3,1,3,Strong
5!fLyP$kmv&&ai,14,2,7,1,4,Strong
B2nA&3jtd,9,2,4,2,1,Strong
QeljgwGjDH0X5,13,5,6,2,0,Medium
Z3OcXp&aifjT#nLM,16,6,7,1,2,Strong
lK4WYd8u&CrY*Ls,15,6,5,2,2,Strong
VbspfaY&kN,10,3,6,0,1,Medium
SB0$suxCG,9,4,3,1,1,Strong
oxg7jLiGm,9,2,6,1,0,Medium
!QTqEmKiy,9,4,4,0,1,Medium
!5QNtUO2vaO,11,5,3,2,1,Strong
C3JUrQ975,9,4,1,4,0,Medium
N!nwkJr&zHj,11,3,6,0,2,Medium
c#dZBeH,7,3,3,0,1,Medium
*8tUYCLr7#$lYU,14,6,3,2,3,Strong
bEv$r5uws9TfC!,14,3,7,2,2,Strong
iHVDfA%UX,9,6,2,0,1,Medium
6ffPn%JH*wWWU,13,6,4,1,2,Strong
j%GWC%ZTS!9a#r4,15,6,3,2,4,Strong
Dj$JBtxu,8,3,4,0,1,Medium
pD1Qo999Au0,11,3,3,5,0,Medium
Ffqur$,6,1,4,0,1,Medium
shvHx%,6,1,4,0,1,Medium
cKkB589vC0sx,12,3,5,4,0,Medium
$HvR6iDWXqncz%#,15,5,6,1,3,Strong
1tmw8e&#pl9q*a3%,16,0,8,4,4,Medium
Vf^2D9WSm2rG,12,5,3,3,1,Strong
DkK*0Gyaa%p%a,13,3,6,1,3,Strong
AO0Unt2GH&2U,12,6,2,3,1,Strong
JYA09wV9GNSYrpD,15,9,3,3,0,Medium
umB$ZRguXals8,13,4,7,1,1,Strong
3liHCVkeXZ%Khw@,15,6,6,1,2,Strong
bz%Kye$%DveUE,13,4,6,0,3,Medium
aulJZTYZz%bilKSS,16,8,7,0,1,Medium
Cy6ZaHw0#n,10,3,4,2,1,Strong
j#LRo$G&G4W9FR,14,7,2,2,3,Strong
6d9oHiWCDO0T%,13,6,3,3,1,Strong
bHFKlZRjw8OTBI,14,9,4,1,0,Medium
y@zEEHAD,8,5,2,0,1,Medium
FTtnpk@a*,9,2,5,0,2,Medium
9VO@J!,6,3,0,1,2,Medium
$JYCqg^2,8,3,2,1,2,Strong
*e#SYw6p%6Obb,13,3,5,2,3,Strong
AWmPUHxHEI8RUx@2,16,10,3,2,1,Strong
1VUZJ5xqD,9,5,2,2,0,Medium
IE3Wzst,7,3,3,1,0,Medium
bw1@r%&O!MGgY,13,4,4,1,4,Strong
uhBG8m5,7,2,3,2,0,Medium
HUUGSc0pSz&,11,6,3,1,1,Strong
KTP$!5kW,8,4,1,1,2,Strong
K7svR1ZjkuRDOOL,15,8,5,2,0,Medium
YI4U%50vxc,10,3,3,3,1,Strong
EGkAvYnm,8,4,4,0,0,Medium
8gdY^kn,7,1,4,1,1,Medium
tkXNDFK4qq,10,5,4,1,0,Medium
vdeTP87*I4r*w6,14,3,5,4,2,Strong
3^&NS9*Dl4NU0HtM,16,7,2,4,3,Strong
a%rSK8,6,2,2,1,1,Medium
b!9Mb3LDaVy03Y,14,5,4,4,1,Strong
uXWCHk2E%,9,5,2,1,1,Strong
IK&I0yixrLo65I!,15,5,5,3,2,Strong
Pctg&cxnK,9,2,6,0,1,Medium
q4bDltb@BR,10,3,5,1,1,Strong
N@V7eQkshIYj,12,5,5,1,1,Strong
8xyGWbpFX4Fez6,14,5,6,3,0,Medium
%A8XNPu,7,4,1,1,1,Medium
f%pG9MzUgBoE3Pbv,16,6,7,2,1,Strong
pYFbf8tVlF,10,4,5,1,0,Medium
@lRhhTt&,8,2,4,0,2,Medium
q!DOS4y,7,3,2,1,1,Medium
WTrGf!,6,3,2,0,1,Medium
L*!yx*SP7Jui^,13,4,4,1,4,Strong
5LH*U6a#,8,3,1,2,2,Strong
xcUEPi&Xy^@t,12,4,5,0,3,Medium
KP0Pom%ifqwezn!,15,3,9,1,2,Strong
meX!^GgUC,9,4,3,0,2,Medium
jbA!k7hU1VhI^fj,15,4,7,2,2,Strong
jB%mmD&Xyy,10,3,5,0,2,Medium
Fw1nT62nvxZ#Ru,14,4,6,3,1,Strong
4TOPV03PE*BWGU,14,10,0,3,1,Medium
5YaeKc%rMaMCB,13,6,5,1,1,Strong
cJ$tme6TtrH,11,3,6,1,1,Strong
FDGMlZBjP9w,11,7,3,1,0,Medium
mMeWkhQS31pDb,13,5,6,2,0,Medium
WgN^fO*tP#CtgY5#,16,6,5,1,4,Strong
C3LYsqR,7,4,2,1,0,Medium
8gZHkZ#,7,3,2,1,1,Medium
qr9z!Yz^FFjI,12,4,5,1,2,Strong
Plo02USyPSdN,12,6,4,2,0,Medium
S4s4fDzV,8,3,3,2,0,Medium
kogFsKbR,8,3,5,0,0,Medium
N58cQA&,7,3,1,2,1,Medium
A*%H9scW^,9,3,2,1,3,Strong
GvhKzI,6,3,3,0,0,Weak
7biXIU,6,3,2,1,0,Medium
cLXDW$m,7,4,2,0,1,Medium
!&lxz#6cfF^,11,1,5,1,4,Strong
Q!YucSTTME,10,7,2,0,1,Medium
JhGXdJCtRYrlW%,14,8,5,0,1,Medium
D1Et2NQ5*qAr*zrN,16,6,5,3,2,Strong
r3suOi&pxOsdO0,14,3,8,2,1,Strong
M4JtynqxdIDD,12,5,6,1,0,Medium
dTk9r#8Vx,9,2,4,2,1,Strong
!8ruyCe0bI0C,12,3,5,3,1,Strong
zAiw4!P6F2ZfWOY&,16,7,4,3,2,Strong
e%n56fF%&YfX%g,14,3,5,2,4,Strong
L4YMK7v2L,9,5,1,3,0,Medium
g%s75l#ox*rY0P5,15,2,6,4,3,Strong
w6z6lG,6,1,3,2,0,Medium
uplo5Uk^X$u,11,2,6,1,2,Strong
WfvQtuswg1NN,12,4,7,1,0,Medium
KxpqzaGb6@@*a,13,2,7,1,3,Strong
@EB8604kaFJAgxs,15,5,5,4,1,Strong
SeseMQ,6,3,3,0,0,Weak
gn1wuKw,7,1,5,1,0,Medium
UelMPVWi2iL8r,13,6,5,2,0,Medium
JQ^0^AA,7,4,0,1,2,Medium
hn^l9K2OH^Tq@%@,15,4,4,2,5,Strong
xDLyapd7pA10f,13,3,7,3,0,Medium
SBbzKGiNM#P,11,7,3,0,1,Medium
oQRYdw,6,3,3,0,0,Weak
QR98er9t6,9,2,3,4,0,Medium
Q70h%MO&cAQTit,14,6,4,2,2,Strong
dRW&vXxoNO,10,5,4,0,1,Medium
I0l@EV,6,3,1,1,1,Medium
MB^MwoVezl4#d,13,4,6,1,2,Strong
#tyR9^NPsm%qA,13,4,5,1,3,Strong
6X%oaN,6,2,2,1,1,Medium
lQ7fn%,6,1,3,1,1,Medium
NcNAPzyKJ&O4pItu,16,8,6,1,1,Strong
ob$nA*SOIs,10,4,4,0,2,Medium
FvjNR*4gqd,10,3,5,1,1,Strong
gnXgl2Yw5TNQz,13,5,6,2,0,Medium
&k7ql7m6N78DCsHU,16,5,5,5,1,Strong
xQP6!di8oS97,12,3,4,4,1,Strong
KSq$nZnP,8,4,3,0,1,Medium
jM&7Z0EFu9XiRA,14,7,3,3,1,Strong
33R*Ewj!o7Pm4wN,15,4,5,4,2,Strong
inWP@hlBrast,12,3,8,0,1,Medium
&LX5zAOMM3Slb,13,7,3,2,1,Strong
$ZqLhVgaToKdE3Y,15,7,6,1,1,Strong
OWZW3*Bw8ryXU1tK,16,8,4,3,1,Strong
qrbjcs!3rkr162x6,16,0,10,5,1,Medium
25XTCx2a@E#I0*,14,5,2,4,3,Strong
Uee9Vo9ks^J7%k%,15,3,6,3,3,Strong
lF8j*NgR&b86$8Q,15,4,4,4,3,Strong
TLLveMHh8vgL,12,6,5,1,0,Medium
dK!kq#jJGqJJGbo,15,6,7,0,2,Medium
wt5VwHE!x^eRkst,15,4,8,1,2,Strong
0XE4vASgHogv7,13,5,5,3,0,Medium
8M8&DWX8Hs^3,12,5,1,4,2,Strong
K5WO^f,6,3,1,1,1,Medium
&T3IQII,7,5,0,1,1,Medium
GY7Ey%R,7,4,1,1,1,Medium
xObbib0m^n5SCKGy,16,5,8,2,1,Strong
dlhBpp,6,1,5,0,0,Weak
qWxoxGL,7,3,4,0,0,Weak
j6J2PGujJhWXQ,13,7,4,2,0,Medium
HHw4i!,6,2,2,1,1,Medium
Yw!ns*3Bn,9,2,4,1,2,Strong
HnejjG5c@taeX,13,3,8,1,1,Strong
tQYa$!93Zi,10,3,3,2,2,Strong
CaX9p&TQMZhlU&,14,7,4,1,2,Strong
k6LzwfXyMXn,11,4,6,1,0,Medium
T!k4yreydE!Xi*N@,16,4,7,1,4,Strong
5ceRhRfZpB%6&t,14,4,6,2,2,Strong
Djes!c8fFqbwgNm,15,3,10,1,1,Strong
vino@Ciz2RZPp,13,4,7,1,1,Strong
*rPBfwQipJs1vVv4,16,5,8,2,1,Strong
frmWuc!ka,9,1,7,0,1,Medium
wlK18q,6,1,3,2,0,Medium
sI%50Ewex,9,2,4,2,1,Strong
lMS1aEyp^mU*#,13,4,5,1,3,Strong
7AJgyot8@,9,2,4,2,1,Strong
ufgUKA3G,8,4,3,1,0,Medium
6fng&wud!$o,11,0,7,1,3,Medium
E4P1zPD,7,4,1,2,0,Medium
PDmE0zW,7,4,2,1,0,Medium
j8!g3sB6w,9,1,4,3,1,Strong
Vr6yTIzQqehJ,12,5,6,1,0,Medium
o761vRCL,8,3,2,3,0,Medium
uvDl0%!B87Jb2FF,15,5,4,4,2,Strong
3Cta1ff8#e2,11,1,5,4,1,Strong
Y9m5@Ekb0BqTLE,14,6,4,3,1,Strong
lc9Nu6d67rZxV7aj,16,3,8,5,0,Medium
Q^eL2I*AkQh$,12,5,3,1,3,Strong
UgoXU7fUUwiArQE*,16,8,6,1,1,Strong
9ACPTI#,7,5,0,1,1,Medium
2JgiVS5!#^p8&&L5,16,4,3,4,5,Strong
Viy6lkYwKjnvJos,15,4,10,1,0,Medium
tA%cL1*q8S14c,13,3,4,4,2,Strong
yicD%Q0RP!,10,4,3,1,2,Strong
^46MqNvHD9VKgsT,15,7,4,3,1,Strong
6vu&KxwtuE,10,2,6,1,1,Strong
fOq4HVx,7,3,3,1,0,Medium
eOSsV5*u&,9,3,3,1,2,Strong
pdZ@s6Ota*,10,2,5,1,2,Strong
QL8Ls4Ro9froNd,14,5,6,3,0,Medium
C5TlPhy^CJzc,12,5,5,1,1,Strong
&5l$Yy!,7,1,2,1,3,Medium
$hUYs2VXVbK,11,6,3,1,1,Strong
SN5lB414Ku2,11,4,2,5,0,Medium
rlsAM8^QiWla,12,4,6,1,1,Strong
I1w7rzxWL!fM,12,4,5,2,1,Strong
M@7CdatHM8pK1w!,15,5,5,3,2,Strong
FdpJ@iU93H8pV$cH,16,6,5,3,2,Strong
hsO7rTug,8,2,5,1,0,Medium
U1TgLL^j$y,10,4,3,1,2,Strong
xmv*POMIUm&Tsbr%,16,6,7,0,3,Medium
V!0RunBt#C,10,4,3,1,2,Strong
^&o16joqc,9,0,5,2,2,Medium
SNUr4%RwMdpCq,13,6,5,1,1,Strong
DNqAqk2o,8,3,4,1,0,Medium
c93fzne,7,0,5,2,0,Weak
$h8pGfiMbmpAzxSd,16,4,10,1,1,Strong
sJSTu#E,7,4,2,0,1,Medium
imb^ByKv&amB#8,14,3,7,1,3,Strong
x4nxTW2B$D0,11,4,3,3,1,Strong
Op7o%r@,7,1,3,1,2,Medium
KfkP@oXK6N4,11,5,3,2,1,Strong
0L2yi8Vwb,9,2,4,3,0,Medium
!nY4%kpsYZnviUzR,16,5,8,1,2,Strong
ZpD2@JIZT,9,6,1,1,1,Strong
Z!$Js6npG!@Dr,13,4,4,1,4,Strong
mgi@dw,6,0,5,0,1,Weak
PtMmj%@7zL@!,12,3,4,1,4,Strong
H*R**ce3pX5OW4,14,5,3,3,3,Strong
eewMv!3rNX!o!,13,3,6,1,3,Strong
*88u#hYH@WTKPhdf,16,6,5,2,3,Strong
USdRWm2S,8,5,2,1,0,Medium
0ShFFENkiNo,11,6,4,1,0,Medium
vc&Pe62$1Ic,11,2,4,3,2,Strong
cOWXPm!mAR@#R,13,7,3,0,3,Medium
MU3z@j&B,8,3,2,1,2,Strong
HgMZClmRIi,10,6,4,0,0,Medium
^82ASjM#M3*Oz1Z,15,6,2,4,3,Strong
$6xc%x@B7I,10,2,3,2,3,Strong
&3h%zU7sEtM30OiA,16,5,5,4,2,Strong
IKuGEZEotydF,12,7,5,0,0,Medium
7!32ezuIrd,10,1,5,3,1,Strong
Jwf!chkOMi,10,3,6,0,1,Medium
UlYrEo#p%^G@,12,4,4,0,4,Medium
EpOQXE2,7,5,1,1,0,Medium
snwBJ40Gh,9,3,4,2,0,Medium
&VoO*28FJsU8V,13,6,2,3,2,Strong
cegEGXNUp&,10,5,4,0,1,Medium
4XbYGMlEM,9,6,2,1,0,Medium
u4O0eJk!8,9,2,3,3,1,Strong
Q2muH#iT1P6d,12,4,4,3,1,Strong
x4raZz,6,1,4,1,0,Medium
NOkouF%q0O59rHwP,16,6,6,3,1,Strong
zk1VxYWCcc,10,4,5,1,0,Medium
Dl7zHvgZ2HtlVv,14,5,7,2,0,Medium
pb^36@pCAyIK@Wq,15,5,5,2,3,Strong
ABKy1x0sdLHE,12,6,4,2,0,Medium
5FV6kb8rPYBX2Gj,15,7,4,4,0,Medium
hgQE8Tf,7,3,3,1,0,Medium
G#WMYV,6,5,0,0,1,Weak
fwHv#@R7,8,2,3,1,2,Strong
lO^3sHoO,8,3,3,1,1,Strong
q@JU3K,6,3,1,1,1,Medium
H%O3vO!t4g,10,3,3,2,2,Strong
tgDxe8Hu7,9,2,5,2,0,Medium
o@f4T!6@ospS,12,2,5,2,3,Strong
AKxv$IB,7,4,2,0,1,Medium
a^x1jF@mQdKpYVn,15,5,7,1,2,Strong
tdk696IaQf5,11,2,5,4,0,Medium
qBgKPhjWlZG,11,6,5,0,0,Medium
EZlcAuXZ,8,5,3,0,0,Medium
tpM!3NqTmV,10,4,4,1,1,Strong
z!5X8I2l2Vx32l,14,3,4,6,1,Strong
$R7Ct@,6,2,1,1,2,Medium
^kL73k9MtqMF%2,14,4,4,4,2,Strong
gjf$n$20m7,10,0,5,3,2,Medium
GTGk#co7wxYfk1MO,16,6,7,2,1,Strong
65HRxBxkHn3&caY,15,5,6,3,1,Strong
bv96Z!M,7,2,2,2,1,Medium
UYMlqrbyocydA9s,15,4,10,1,0,Medium
E3&ylM7s82covt4!,16,2,7,5,2,Strong
c5FzLYgQbn31@,13,4,5,3,1,Strong
Le!Z!$!Dh^c2OiI,15,5,4,1,5,Strong
18o@S53cuKy8S4D#,16,4,4,6,2,Strong
R7qLX1U8u,9,4,2,3,0,Medium
AKl9qwzu!m1@MEA,15,5,6,2,2,Strong
gcTHTuw#eiR3oD,14,5,7,1,1,Strong
C!HRTfI,7,5,1,0,1,Medium
$ng46onn,8,0,5,2,1,Medium
f#nvpAUuL4#@mt,14,3,7,1,3,Strong
UQrpz41aF8RK#vkI,16,6,6,3,1,Strong
1UFt^1Dr200,11,3,2,5,1,Strong
%Ud4sb%ikROZv,13,4,6,1,2,Strong
hYeth%L1ZMOS,12,6,4,1,1,Strong
J^sZ5A,6,3,1,1,1,Medium
4SZzMke&QXq%*K,14,6,4,1,3,Strong
l$N%Rucd*,9,2,4,0,3,Medium
HEM2#ohVH#Tpgp5,15,6,5,2,2,Strong
a6RE&DSMKr,10,6,2,1,1,Strong
%FnP%yU6ms20,12,3,4,3,2,Strong
lh2q8B5,7,1,3,3,0,Medium
V^Z%YH@,7,4,0,0,3,Weak
24!1us#q!6q$^pB6,16,1,5,5,5,Strong
euVp0opVLf%tp,13,3,8,1,1,Strong
NVML!dss1gN,11,5,4,1,1,Strong
Bx!apSif19,10,2,5,2,1,Strong
N5RW8qr#655tPl0,15,4,4,6,1,Strong
DYR*f4JlvdNp,12,5,5,1,1,Strong
ky*g%y8#cp&xcJAF,16,3,8,1,4,Strong
4k&PZf!cR3x1d^O,15,4,5,3,3,Strong
Glom*vKsxGlt,12,3,8,0,1,Medium
0vhPxdhMXm,10,3,6,1,0,Medium
s0PHWpgzEE@,11,5,4,1,1,Strong
#XoIhO70i9d0Dc,14,4,5,4,1,Strong
mFqM05k#As,10,3,4,2,1,Strong
*vF&25fa7Lv,11,2,4,3,2,Strong
h9IGWS,6,4,1,1,0,Medium
B$Kfu&iMlYprJ3A#,16,6,6,1,3,Strong
RH5IFPRA6Qc,11,8,1,2,0,Medium
a8abw0!Y,8,1,4,2,1,Strong
kj&d4pTWTXwbp7,14,4,7,2,1,Strong
y4bCcJTylMC,11,5,5,1,0,Medium
@UeJ@AazY,9,4,3,0,2,Medium
J#@vywi,7,1,4,0,2,Medium
qiqHD%Jyc&G6a2g,15,4,7,2,2,Strong
30Jp%7@U%fC,11,3,2,3,3,Strong
J1&5Oa,6,2,1,2,1,Medium
yQkdC2jFzvQN,12,5,6,1,0,Medium
md93dQG,7,2,3,2,0,Medium
n8ERgQ%Ej,9,4,3,1,1,Strong
4m5pkheWOiqh4hM,15,3,9,3,0,Medium
3inhgLWZm0Db6X7,15,5,6,4,0,Medium
mRd6%Qynnbiy,12,2,8,1,1,Strong
q$GT194xFrfhqN3,15,4,6,4,1,Strong
TN*ss8NRLVb%sh,14,6,5,1,2,Strong
#g2SzzziR,9,2,5,1,1,Strong
87QQM1Qun,9,4,2,3,0,Medium
f@CaCD7BE9QWA,13,8,2,2,1,Strong
xaUbjTdosL4y,12,3,8,1,0,Medium
UfdzzKwCHwRFwzcw,16,6,10,0,0,Medium
mcrWoRAN6E,10,5,4,1,0,Medium
Vv^3ipsqyy&,11,1,7,1,2,Strong
VO2Ffy&LtPFg,12,6,4,1,1,Strong
Jq$!Ak8iv$X$V@%7,16,4,4,2,6,Strong
PV^9@8IZ,8,4,0,2,2,Medium
eACz5EYBN2WuVGkr,16,9,5,2,0,Medium
L4%TDf7,7,3,1,2,1,Medium
R25730V@OIWdw4,14,5,2,6,1,Strong
HjTkL#$*k,9,3,3,0,3,Medium
DmpjUe*zQz,10,3,6,0,1,Medium
QGMJyr*HbMKSZZb8,16,10,4,1,1,Strong
$tYDDA8D%77RkOy2,16,7,3,4,2,Strong
A45dVrqNb@TR,12,5,4,2,1,Strong
12Z&MPcer,9,3,3,2,1,Strong
QYWAYi&X,8,6,1,0,1,Medium
8nQ5Mlvnw,9,2,5,2,0,Medium
!dxziX,6,1,4,0,1,Medium
ADL^i6hV%b,10,4,3,1,2,Strong
P0Yuoq&1,8,2,3,2,1,Strong
iXAqAN38uNz#6,13,5,4,3,1,Strong
zas5iZF^Q!,10,3,4,1,2,Strong
7flK6SMYw1Fw3,13,5,4,4,0,Medium
XxmYfEuJ&LiB@,13,6,5,0,2,Medium
pVjn#P05vGA#,12,4,4,2,2,Strong
7dj7WR,6,2,2,2,0,Medium
yYebGorP7!7i,12,3,6,2,1,Strong
F4r8Juv,7,2,3,2,0,Medium
mwLp&Y,6,2,3,0,1,Medium
jbIt4TwB,8,3,4,1,0,Medium
&B4g%n,6,1,2,1,2,Medium
N4gagWzFVEzl,12,5,6,1,0,Medium
1dbRyi,6,1,4,1,0,Medium
mvvf1$nPP,9,2,5,1,1,Strong
yA*Y2pDBnTPwbZ,14,7,5,1,1,Strong
ObXB6CiJVfiB0M@n,16,8,5,2,1,Strong
vGmPXrQwO9iQc5,14,6,6,2,0,Medium
$D#bDcpNE2Fk,12,5,4,1,2,Strong
rV@Lzt,6,2,3,0,1,Medium
AeE4QrJOf%1K,12,6,3,2,1,Strong
DQRFA*,6,5,0,0,1,Weak
FCW%Px,6,4,1,0,1,Medium
ai!iygsAqlwAE,13,3,9,0,1,Medium
k27NvzF2wFMK5z,14,5,5,4,0,Medium
9kUYWv842#,10,3,2,4,1,Strong
3t9cW2kM&twGW7N,15,5,5,4,1,Strong
KW9jQr8ztyab#,13,3,7,2,1,Strong
!Z1YVX!Nj0e,11,5,2,2,2,Strong
Xuy3GS$,7,3,2,1,1,Medium
VhX2FF9eUdsH6,13,6,4,3,0,Medium
sGFubolXYk%y2v2G,16,5,8,2,1,Strong
#&WN0lnSsI,10,4,3,1,2,Strong
YNav!ami1,9,2,5,1,1,Strong
1K3vwVxrz!x#o5,14,2,7,3,2,Strong
BxzhxyH04nvkLkW,15,4,9,2,0,Medium
JiRdE9!,7,3,2,1,1,Medium
mbhIafmB%aW%I!8R,16,5,7,1,3,Strong
2RVROEUZWhTQma6,15,10,3,2,0,Medium
rdp^JFV58$0y,12,3,4,3,2,Strong
PcUfP4,6,3,2,1,0,Medium
!ZkS28mXL,9,4,2,2,1,Strong
ys%#eq@lM7v5o9*,15,1,7,3,4,Strong
FBvln3duP,9,3,5,1,0,Medium
JCG8pr&!lQCi,12,5,4,1,2,Strong
RWW3DCHoLlolRyoV,16,9,6,1,0,Medium
OWaNh&yX,8,4,3,0,1,Medium
OUq%CnYb&6Os,12,5,4,1,2,Strong
C@6sKseON#,10,4,3,1,2,Strong
J9B@LWh,7,4,1,1,1,Medium
tACgw!YMucY,11,5,5,0,1,Medium
28SYYj^KKyY,11,6,2,2,1,Strong
qPgM6ur,7,2,4,1,0,Medium
9LsABzbUnsW2v,13,5,6,2,0,Medium
mT8wgp,6,1,4,1,0,Medium
R3tZFepEY!MwWl,14,7,5,1,1,Strong
WJ4Vbpokp!$Cc,13,4,6,1,2,Strong
9JmxX93MqmPi&xZ,15,5,6,3,1,Strong
Y&^!i%,6,1,1,0,4,Medium
&pApxxa5OpfqAul,15,3,10,1,1,Strong
Gekp#MU*v2aFMf,14,5,6,1,2,Strong
L&4r!O%T&$AmfE,14,5,3,1,5,Strong
ysMBrB,6,3,3,0,0,Weak
TJq2jGHWuZ6kG2s,15,7,5,3,0,Medium
AjIyV$u1tO3WdF,14,6,5,2,1,Strong
Ip&o0iQ,7,2,3,1,1,Medium
lUQIsCJbmWCWnpw^,16,8,7,0,1,Medium
!m^SKImgvO,10,4,4,0,2,Medium
xS&Z9qHb$tqs,12,3,6,1,2,Strong
IgVF16x4T7#K,12,5,2,4,1,Strong
2%DNlN0Olk,10,4,3,2,1,Strong
ElvhkK@,7,2,4,0,1,Medium
2$r9@$,6,0,1,2,3,Medium
&pZbya2&SF^f5v^C,16,4,6,2,4,Strong
jUr$Tg2@,8,2,3,1,2,Strong
vVoRF*pLM9LH,12,7,3,1,1,Strong
aYBN$e7!h,9,3,3,1,2,Strong
a6QMTnaSxZT,11,6,4,1,0,Medium
m3!zk^,6,0,3,1,2,Medium
t0p!atGC8YVMU2,14,6,4,3,1,Strong
&In44urT,8,2,3,2,1,Strong
aTzoyKfrY1Qe,12,4,7,1,0,Medium
z9Ip1!@q,8,1,3,2,2,Strong
Z#XqoncqtS#,11,3,6,0,2,Medium
EgR2b3,6,2,2,2,0,Medium
LK!k2Ft$xFJoH,13,6,4,1,2,Strong
2z8n#xytD,9,1,5,2,1,Strong
qZeJys2,7,2,4,1,0,Medium
zlgW0^,6,1,3,1,1,Medium
DCR29h$2gM,10,4,2,3,1,Strong
IUJS1FO,7,6,0,1,0,Weak
xfagPB,6,2,4,0,0,Weak
8Jm3xG!UQM,10,5,2,2,1,Strong
mbqQUU^,7,3,3,0,1,Medium
VEJAXlnqpfyy5mj,15,5,9,1,0,Medium
RM8z&tfqy1GSU5,14,5,5,3,1,Strong
p3i91^#cvJqLfhyY,16,3,8,3,2,Strong
&$jv4$XXZIAxa,13,5,4,1,3,Strong
Bb$6#^HM,8,3,1,1,3,Strong
LIpvCf&EL,9,5,3,0,1,Medium
sJrIgF,6,3,3,0,0,Weak
&oaSVPkHr,9,4,4,0,1,Medium
LPhbTCJwGc&n,12,6,5,0,1,Medium
GA4CPIAYt5D3,12,8,1,3,0,Medium
s9l@x6xwy!x,11,0,7,2,2,Medium
KcNuwYyisj2F6Zm^,16,5,8,2,1,Strong
bmWXcobf,8,2,6,0,0,Medium
FkIsbbn*,8,2,5,0,1,Medium
kzr94uNQ9tF,11,3,5,3,0,Medium
*I*pcf,6,1,3,0,2,Medium
*Ln$1sa,7,1,3,1,2,Medium
dD2XsTKCX,9,6,2,1,0,Medium
o!voCnKTjQpUkftw,16,5,10,0,1,Medium
^Qx2tMKSnI@V,12,6,3,1,2,Strong
jatsOsX59i,10,2,6,2,0,Medium
2JslPqx,7,2,4,1,0,Medium
TO@290QrFX1@,12,5,1,4,2,Strong
&@&&DXk1^ClEUa,14,5,3,1,5,Strong
cU8rohSUr,9,3,5,1,0,Medium
6s1FAChrps,10,3,5,2,0,Medium
d2Vgnj9udsUs,12,2,8,2,0,Medium
Fjb1tx8,7,1,4,2,0,Medium
^M80R4bK,8,3,1,3,1,Strong
thew#ub,7,0,6,0,1,Weak
26H#ND2uIl%W,12,5,2,3,2,Strong
BZhCYxj7,8,4,3,1,0,Medium
OZWvgV2yInnjU,13,6,6,1,0,Medium
QdEKu*niBbNyzeE,15,6,8,0,1,Medium
kf9fgOlNbT,10,3,6,1,0,Medium
Y#yOYTqmQ0,10,5,3,1,1,Strong
m#tdW9eLut7klD,14,3,8,2,1,Strong
su#%%R5qR,9,2,3,1,3,Strong
U3fXEAjt@m,10,4,4,1,1,Strong
sNl@m6,6,1,3,1,1,Medium
vLuiJUTljw6,11,4,6,1,0,Medium
8G4rp!fUKZ,10,4,3,2,1,Strong
q4U$OVk0#5Hf,12,4,3,3,2,Strong
hFbtnLWuZjCX7lS,15,7,7,1,0,Medium
7&7nkxnY3zZQi,13,3,6,3,1,Strong
R!B8oJ6e*t8,11,3,3,3,2,Strong
BOeWhU38,8,4,2,2,0,Medium
gBc2IGwks,9,3,5,1,0,Medium
JZkM51^,7,3,1,2,1,Medium
Hxgl2RMvz,9,3,5,1,0,Medium
198&u3TXbzj,11,2,4,4,1,Strong
sPObt6s@Oo0H%a5q,16,4,7,3,2,Strong
5meBy1*vWBSAybVU,16,7,6,2,1,Strong
MN#p@6,6,2,1,1,2,Medium
0TT*2%Qow62V,12,4,2,4,2,Strong
u*3WK3Km,8,3,2,2,1,Strong
nlc0n@*,7,0,4,1,2,Medium
4#eL1BC,7,3,1,2,1,Medium
Woz8pS70YaVC#,13,5,4,3,1,Strong
IHN1Ea1ebd,10,4,4,2,0,Medium
V%OQv3EY,8,5,1,1,1,Strong
Yg2qXwZO%,9,4,3,1,1,Strong
3Dmq#pYH,8,3,3,1,1,Strong
uPAlld3btd*kWd,14,3,9,1,1,Strong
6TxECMy&,8,4,2,1,1,Strong
WHgJkscno,9,3,6,0,0,Medium
pnsKHxlj@UAYm,13,5,7,0,1,Medium
c0j!jA1WO5uxM,13,4,5,3,1,Strong
wepRS9,6,2,3,1,0,Medium
*au%Gpyd&c%$tBU,15,3,7,0,5,Medium
BdPrCkq,7,3,4,0,0,Weak
J9zlSL7@3$,10,3,2,3,2,Strong
yGwzJYnNvA!3,12,5,5,1,1,Strong
2IOnX2zTVi5ve,13,5,5,3,0,Medium
G0L^TYdoxP2xTF,14,7,4,2,1,Strong
BVVsOpb,7,4,3,0,0,Weak
bQB7PDiXKB^,11,7,2,1,1,Strong
nJj13OOzz,9,3,4,2,0,Medium
@@fJ1p,6,1,2,1,2,Medium
5vPXEcK,7,4,2,1,0,Medium
a7KqZe,6,2,3,1,0,Medium
^fRci8m1MJOSZk,14,6,5,2,1,Strong
O@gYM6@pVndCgb,14,5,6,1,2,Strong
nP3CvlyV,8,3,4,1,0,Medium
agHfogMjHQWIvr,14,6,8,0,0,Medium
6pqOs05p%^E9!JP,15,4,4,4,3,Strong
ClHLkTFAjj@hB,13,7,5,0,1,Medium
B7Xy!n,6,2,2,1,1,Medium
A^$ON6t#nqC,11,4,3,1,3,Strong
X5$zZyiJ2vN,11,4,4,2,1,Strong
ns7noEc6xId8^5T,15,3,7,4,1,Strong
pkT3BtY#3$,10,3,3,2,2,Strong
g4IVmgW2yLy,11,4,5,2,0,Medium
wJ^@%3ngFoCo,12,3,5,1,3,Strong
eIEi&m,6,2,3,0,1,Medium
CZYYmCI@Av,10,7,2,0,1,Medium
SKKamx#9N,9,4,3,1,1,Strong
vOivxQ6sb,9,2,6,1,0,Medium
82QcwHjvbT8a!F8o,16,4,7,4,1,Strong
cLD^#v,6,2,2,0,2,Medium
mmMQ5!S*,8,3,2,1,2,Strong
!GU6bTMQ%9,10,5,1,2,2,Strong
I%cs0Cs,7,2,3,1,1,Medium
@dF3UAlyWnJ,11,5,4,1,1,Strong
*5^wHSQY1JNyf%Rp,16,7,4,2,3,Strong
6SKob@s7t%Lu,12,3,5,2,2,Strong
!KiLb6fBKp,10,4,4,1,1,Strong
!Na3Ta,6,2,2,1,1,Medium
GrSK#t,6,3,2,0,1,Medium
Isz3kLC,7,3,3,1,0,Medium
8TFX2Z,6,4,0,2,0,Weak
HMNw3Pr,7,4,2,1,0,Medium
zGr1zMNkM7*xW3mr,16,5,7,3,1,Strong
4O#T7T27107dd1,14,3,2,8,1,Strong
rMF$Vq*,7,3,2,0,2,Medium
LgYqZa7%6gkhInQ,15,5,7,2,1,Strong
mL9Qhp$gA%s@rCt,15,4,7,1,3,Strong
Na!zoiatp%,10,1,7,0,2,Medium
FAn8d#4,7,2,2,2,1,Medium
hpMZ9xE*H4p3,12,4,4,3,1,Strong
cxsEv$*z,8,1,5,0,2,Medium
9LLm@VJYXn712,13,6,2,4,1,Strong
dK6pXbMe,8,3,4,1,0,Medium
4fTr76JbuT##AS^X,16,6,4,3,3,Strong
iwtTR6rJMYi9W8,14,6,5,3,0,Medium
x#^HqPSZifduDmn,15,5,8,0,2,Medium
8PDEnwX1ihGoe,13,5,6,2,0,Medium
4VdwPn5,7,2,3,2,0,Medium
rzzG!4KCzu3^,12,3,5,2,2,Strong
ldmAeraU0,9,2,6,1,0,Medium
*jRx^@yA8#TTri4,15,4,5,2,4,Strong
Wjkq%Mmp@Dg*,12,3,6,0,3,Medium
cCLGXTiuKj&,11,6,4,0,1,Medium
E%#NZh*o8HdeR1H,15,6,4,2,3,Strong
QhrAQhE@j,9,4,4,0,1,Medium
eSj1k9qIfne@#CS,15,4,7,2,2,Strong
9MDchdz&Wc9g,12,3,6,2,1,Strong
Wq32ro4pVTyR,12,4,5,3,0,Medium
hEDlbD0&fbFh,12,4,6,1,1,Strong
hq4xKfO,7,2,4,1,0,Medium
FLqY9pjjG*A,11,5,4,1,1,Strong
TC4MULF^IO*#n,13,8,1,1,3,Strong
S0!JkA,6,3,1,1,1,Medium
%DNApVse,8,4,3,0,1,Medium
46oc@eIJX,9,3,3,2,1,Strong
khJX@cWX4f,10,4,4,1,1,Strong
AWx3&gNe*,9,3,3,1,2,Strong
dRHBdR32hnX,11,5,4,2,0,Medium
K&72%HuW7EqbJJkF,16,7,4,3,2,Strong
LRYeJUIGbpNPHw,14,10,4,0,0,Medium
7c4b7eT9B0hkJ,13,3,5,5,0,Medium
Oi4xHJH@qDwsgDo,15,6,7,1,1,Strong
ex#4OfDhHGcT*fES,16,7,6,1,2,Strong
j#4o$jE,7,1,3,1,2,Medium
PV1j2KsdP,9,4,3,2,0,Medium
UQ0V8LduVfLtdnB,15,7,6,2,0,Medium
$$SBWetWkjC,11,5,4,0,2,Medium
#1&p^g8^%4OIyLF,15,4,3,3,5,Strong
FUD6OoE40Uk,11,6,2,3,0,Medium
#jU9D51Dq&F,11,4,2,3,2,Strong
rHKROpk01#s@,12,4,4,2,2,Strong
zx6bvp1H8mqe3dvj,16,1,11,4,0,Medium
$^X2TqZE,8,4,1,1,2,Strong
pRRnfjT505,10,3,4,3,0,Medium
L9rx$ktaV6WP,12,4,5,2,1,Strong
w$JmDM@Rg%^$2,13,4,3,1,5,Strong
PXOwsfA3%J,10,5,3,1,1,Strong
OmSKvpKJ!4CvKHn,15,8,5,1,1,Strong
JsmA$vdf*,9,2,5,0,2,Medium
ya!dVAK24%q6Lo,14,4,5,3,2,Strong
43@HlrJ,7,2,2,2,1,Medium
oTkCjPu#QJ6$jOe3,16,6,6,2,2,Strong
%OyebFr,7,2,4,0,1,Medium
WCzH8t!x@Kqzl%B,15,5,6,1,3,Strong
3i!Awe,6,1,3,1,1,Medium
HWES9^xMDL!!,12,7,1,1,3,Strong
YT*9LmCoK15PF2ow,16,7,4,4,1,Strong
OoSYq9!0EdLI#,13,6,3,2,2,Strong
0hPHO0Y42,9,4,1,4,0,Medium
HgI!CRfN50Cv,12,6,3,2,1,Strong
AoQq*ccWlQTig%,14,5,7,0,2,Medium
U&zu&YDLu,9,4,3,0,2,Medium
Q0BFbec^n#Y,11,4,4,1,2,Strong
fuKMdDFeIpWZq,13,7,6,0,0,Medium
kjj#1cb*tm,10,0,7,1,2,Medium
YyNP2$cMJ6zmH8W,15,7,4,3,1,Strong
2lC0J9K&#F,10,4,1,3,2,Strong
c@YV*n5CdYD5,12,5,3,2,2,Strong
9nNQskmvA!F,11,4,5,1,1,Strong
sZ8%Dh@,7,2,2,1,2,Medium
0NRteP0aIA,10,5,3,2,0,Medium
!*@OEP79$kn2jW,14,4,3,3,4,Strong
bu%pvz4o,8,0,6,1,1,Medium
2@v^!r,6,0,2,1,3,Medium
1ZbLp3LI%PVvsL,14,7,4,2,1,Strong
AV%G87AQrv^8bO,14,6,3,3,2,Strong
wt8iaNyzm&6Q,12,2,7,2,1,Strong
h7uiSCS,7,3,3,1,0,Medium
byJK2NVZG*zjtnBJ,16,8,6,1,1,Strong
Hnq%XQJ8,8,4,2,1,1,Strong
vaDBlssv8,9,2,6,1,0,Medium
Pjgr$4,6,1,3,1,1,Medium
8PM#pEYWX8TN,12,8,1,2,1,Strong
O^kBvJs34!Gp3S,14,5,4,3,2,Strong
dU7S2ByW,8,4,2,2,0,Medium
wbz4U^yaNQm,11,3,6,1,1,Strong
G#bIeJ9YfGJ,11,6,3,1,1,Strong
hd86!w8*neVdtwqk,16,1,10,3,2,Strong
ph4hOm*JycQO,12,4,6,1,1,Strong
U%bZ1hiy,8,2,4,1,1,Strong
sIkw4fJz#0waNJ,14,4,7,2,1,Strong
SpR7l7lolxlxOc,14,3,9,2,0,Medium
bBV6kFNy,8,4,3,1,0,Medium
NgWKwJrO,8,5,3,0,0,Medium
CyIzwLH4Hl!T,12,6,4,1,1,Strong
US%5veXt&A3SKAR,15,8,3,2,2,Strong
Il$AHB7Heo%x8r,14,5,5,2,2,Strong
PVWePnTbu18QR,13,7,4,2,0,Medium
mxTNu7*xc463Z8FG,16,5,5,5,1,Strong
R9ZMfD#n12I,11,5,2,3,1,Strong
Zdu$vM^zrqQglNs,15,4,9,0,2,Medium
6Yv6aszwMNk,11,3,6,2,0,Medium
EA3lFtVa,8,4,3,1,0,Medium
uSm8YB8W7FmXq,13,6,4,3,0,Medium
rZPK2Y&jS!d,11,5,3,1,2,Strong
wEVUR#aYj,9,5,3,0,1,Medium
Dr@yfBM3lRXx2tKN,16,7,6,2,1,Strong
9eH1wuY%n7kS,12,3,5,3,1,Strong
mZbuOq#X6b!Z2gM2,16,5,6,3,2,Strong
o5#V8Q&Uow,10,3,3,2,2,Strong
&XktaRHz$63g,12,3,5,2,2,Strong
Kfp!6UgVG2RLd,13,6,4,2,1,Strong
IwLT1c5PMeoTe&,14,6,5,2,1,Strong
Fwk&mqs@3JS6,12,3,5,2,2,Strong
F^6fjPVesmW$kRM,15,6,6,1,2,Strong
ZcxGk3oyHM$*,12,4,5,1,2,Strong
gV8B3JxJ#,9,4,2,2,1,Strong
fZxKIa0Ac1qJI7Om,16,7,6,3,0,Medium
CcPCiK61Q,9,5,2,2,0,Medium
X8bRROS4t7@A&v,14,6,3,3,2,Strong
XGZek!SkA^VMLO57,16,9,3,2,2,Strong
tvT31c,6,1,3,2,0,Medium
!EW&qWpmYB,10,5,3,0,2,Medium
oLwuZ0TB1,9,4,3,2,0,Medium
JOUnO#&&YCZ@7K5,15,8,1,2,4,Strong
wZKa&Q7w,8,3,3,1,1,Strong
mX110ydCr#k0cPFv,16,4,7,4,1,Strong
8lVcX$yu6VEw8zP,15,5,6,3,1,Strong
LidA76F4,8,3,2,3,0,Medium
w7#oQuF7i,9,2,4,2,1,Strong
e0%8Xj,6,1,2,2,1,Medium
H&p&d49hLYfU,12,4,4,2,2,Strong
$42pnsHovU0R,12,3,5,3,1,Strong
F9AHmQj6,8,4,2,2,0,Medium
FHRL4Q5HJers%,13,7,3,2,1,Strong
dCVULNuN84,10,6,2,2,0,Medium
LtqsLXGDdBMsbHU$,16,9,6,0,1,Medium
Z9vSt#O%VW!v^9,14,5,3,2,4,Strong
9WbiRCNA,8,5,2,1,0,Medium
tJpzT@6b^,9,2,4,1,2,Strong
zUeZmQ#iI,9,4,4,0,1,Medium
&&kh5%FFGxFD6w,14,5,4,2,3,Strong
IJlyiq,6,2,4,0,0,Weak
MhADF97m&gOjz9,14,5,5,3,1,Strong
4k8zm*B,7,1,3,2,1,Medium
!Mb3o4y6aG0I@wQ,15,4,5,4,2,Strong
9$KMH&FRJ#N4ox,14,7,2,2,3,Strong
aO$8@uwi3Mm4R,13,3,5,3,2,Strong
&xynDBN#NO^8nMAt,16,7,5,1,3,Strong
uyYvuuP%81I,11,3,5,2,1,Strong
H8MVsNQTO,9,7,1,1,0,Medium
N2Y1aZh0Tr6Jc,13,5,4,4,0,Medium
AGLVdP2WP,9,7,1,1,0,Medium
zB#4JnjFuP98fX,14,5,5,3,1,Strong
FJWhmhRJ&V4Ko,13,7,4,1,1,Strong
rjP0ttMzl4FP*,13,4,6,2,1,Strong
H^LcriOU5BxP7D6U,16,8,4,3,1,Strong
zHGcrp02Y!g,11,3,5,2,1,Strong
h$Vc3e#P&!KQij,14,4,5,1,4,Strong
lo&u$l7yj3J75tQ,15,2,7,4,2,Strong
xR6^3cZ,7,2,2,2,1,Medium
LaXcbCP2tHCP&6z,15,7,5,2,1,Strong
TtysANxmd&fq*Si,15,4,9,0,2,Medium
ODAzMu2IDBT,11,8,2,1,0,Medium
r4pWd4,6,1,3,2,0,Medium
Wg54ZzAWp,9,4,3,2,0,Medium
w#%puAp,7,1,4,0,2,Medium
TO1yAl#U9G$o6,13,5,3,3,2,Strong
aW1ZmT,6,3,2,1,0,Medium
Ni3MDkX8cJP,11,6,3,2,0,Medium
sFwbq%,6,1,4,0,1,Medium
r8ehALV1,8,3,3,2,0,Medium
1ww%txUo,8,1,5,1,1,Strong
d@ANZVHP,8,6,1,0,1,Medium
dQd8es,6,1,4,1,0,Medium
f*W^vumbSCl1,12,3,6,1,2,Strong
o871&4r,7,0,2,4,1,Medium
aN88GqP*Um9@zqC,15,5,5,3,2,Strong
qsCkmZKnFCGxMQ,14,8,6,0,0,Medium
%%IqP2VseXgzx,13,4,6,1,2,Strong
seEuYP,6,3,3,0,0,Weak
99SyZ5,6,2,1,3,0,Medium
6H*4pJ$RR,9,4,1,2,2,Strong
GR!6mR%H,8,4,1,1,2,Strong
U2d*qmD,7,2,3,1,1,Medium
opLqSN53k#xY$,13,4,5,2,2,Strong
sCczT^t^^,9,2,4,0,3,Medium
&U*D^v,6,2,1,0,3,Medium
umvCt*2zJgZ,11,3,6,1,1,Strong
X%187PrMaj,10,3,3,3,1,Strong
NAih0rs9uF,10,3,5,2,0,Medium
u1YyFSjCJrZp,12,6,5,1,0,Medium
tA4sJPbp%N^n8D4,15,5,5,3,2,Strong
p*6tjRIfWG,10,4,4,1,1,Strong
72v!LC%,7,2,1,2,2,Medium
lUE@31h,7,2,2,2,1,Medium
nJJG$Q1GTkbm!F@C,16,8,4,1,3,Strong
3In!W%WfnmmpEU1,15,5,6,2,2,Strong
fS46%eZ3dBxd,12,3,5,3,1,Strong
QmL0d6GTSTFJ5gP6,16,9,3,4,0,Medium
HuAPZSw@lQT&DONm,16,10,4,0,2,Medium
ZO@xWzH,7,4,2,0,1,Medium
SR4UuvPcoyN#L,13,6,5,1,1,Strong
&wYjzllZHsR&TY,14,6,6,0,2,Medium
XnLkPC4f,8,4,3,1,0,Medium
tJd@CCFC4,9,5,2,1,1,Strong
BsbLFc941y0x%ZXH,16,6,5,4,1,Strong
H3VUEO*TjrP,11,7,2,1,1,Strong
&qm#8&OnD,9,2,3,1,3,Strong
C7Ig64@3ivc,11,2,4,4,1,Strong
5hS9siTiJGd!3r,14,4,6,3,1,Strong
B5N&MQD$0s*O,12,6,1,2,3,Strong
gTpji^,6,1,4,0,1,Medium
uyFwxd@pQlmZ,12,3,8,0,1,Medium
X0W8rRxmNTw3G@l,15,6,5,3,1,Strong
HZzDSkR5,8,5,2,1,0,Medium
^GchhVm,7,2,4,0,1,Medium
a^baPXNd,8,3,4,0,1,Medium
Viwy@x&BSmtVw4w,15,4,8,1,2,Strong
t4de&pNLnSx%vm,14,3,8,1,2,Strong
ytR6X5oiRFUsE,13,6,5,2,0,Medium
yZfTh9m%lP^&%,13,3,5,1,4,Strong
*zKPr5zL2Z3W,12,5,3,3,1,Strong
!d!nP9X,7,2,2,1,2,Medium
@Kh^fylN*w,10,2,5,0,3,Medium
Og&dgMXyT&g3$^w$,16,4,6,1,5,Strong
fBm6xCOjA@A,11,5,4,1,1,Strong
bfWAoLaEQwXDVZf,15,9,6,0,0,Medium
sFH2NAI0,8,5,1,2,0,Medium
10WJy!,6,2,1,2,1,Medium
bYf5qCjoou,10,2,7,1,0,Medium
ix&PvGYK&KKHn,13,7,4,0,2,Medium
Yzl@zq%,7,1,4,0,2,Medium
89noDe,6,1,3,2,0,Medium
xkiE3V4s4f#y,12,2,6,3,1,Strong
OfbtRGwS7,9,4,4,1,0,Medium
hYWtL#iCx,9,4,4,0,1,Medium
yQ4d4iF^KusOhoi0,16,4,8,3,1,Strong
&cvPVesnDaWahX,14,5,8,0,1,Medium
pCe*jc8XKX5E!GS,15,7,4,2,2,Strong
69t6&UCsKwXGuVc3,16,6,5,4,1,Strong
sf60*DZqTA,10,4,3,2,1,Strong
11654X7URPZr,12,5,1,6,0,Medium
AFByyU70VNBYs8,14,8,3,3,0,Medium
*5M0gzB,7,2,2,2,1,Medium
uX%3x4dAXwI,11,4,4,2,1,Strong
tZzt0O7Fq!O^emik,16,4,8,2,2,Strong
bgQlOT,6,3,3,0,0,Weak
tBNiUO58R,9,5,2,2,0,Medium
LMmutu1p,8,2,5,1,0,Medium
0u8JFos4mfrW8W,14,4,6,4,0,Medium
vcU4x5c!SRkVi,13,4,6,2,1,Strong
rMYtozPL,8,4,4,0,0,Medium
T@c1vUG,7,3,2,1,1,Medium
$J%d!OvgE,9,3,3,0,3,Medium
H53RfI6kQe,10,4,3,3,0,Medium
bcMWz8WX,8,4,3,1,0,Medium
IWQU$2,6,4,0,1,1,Medium
RqSHy!KIk5kO,12,6,4,1,1,Strong
ocqnFjwVitEljb,14,3,11,0,0,Medium
Rjt6Qn,6,2,3,1,0,Medium
phrzkxlla3DAgkX,15,3,11,1,0,Medium
^y8z@x8Kh4x,11,1,5,3,2,Strong
akwzHs*ypjyxPD,14,3,10,0,1,Medium
YL0#KB2G,8,5,0,2,1,Medium
E^aGKuihi@S,11,4,5,0,2,Medium
3k5blO,6,1,3,2,0,Medium
UiHO5T9V@M!O*yD,15,8,2,2,3,Strong
vfT077PZ775tsX1,15,4,4,7,0,Medium
rOWtZU,6,4,2,0,0,Weak
3wtxBm,6,1,4,1,0,Medium
Y8tIRz,6,3,2,1,0,Medium
@YuMJD,6,4,1,0,1,Medium
!@33u!hTn,9,1,3,2,3,Strong
P9LsE%@,7,3,1,1,2,Medium
1!bNuRN2p,9,3,3,2,1,Strong
q^KRVqV8ic5V1FA,15,7,4,3,1,Strong
DO8JRQyqPDE,11,8,2,1,0,Medium
!8cO$mXsP,9,3,3,1,2,Strong
^!7Ii5X,7,2,1,2,2,Medium
JsUh8FCaP,9,5,3,1,0,Medium
9sIO!O&zypL,11,4,4,1,2,Strong
y^#KFW,6,3,1,0,2,Medium
bMHAsLdd1kV7,12,5,5,2,0,Medium
5Wu4OnJ6,8,3,2,3,0,Medium
z6KuqPcpgP,10,3,6,1,0,Medium
9VsOWd3PYwPeKP,14,8,4,2,0,Medium
f$hq@iirtn%uElU,15,2,10,0,3,Medium
Rk0Ri@Z*h^1,11,3,3,2,3,Strong
YtlA5uoHDEhdgC9f,16,6,8,2,0,Medium
CDtr#O,6,3,2,0,1,Medium
XYc$L@d1ifz,11,3,5,1,2,Strong
eAD!aSkV$vYBt&a,15,6,6,0,3,Medium
KIV$XuzGQzPHYpK5,16,10,4,1,1,Strong
5$ZAxo,6,2,2,1,1,Medium
XnAzMB,6,4,2,0,0,Weak
MU7gDGB$dNbBxQA,15,9,4,1,1,Strong
XP6Yv!9KFjnad,13,5,5,2,1,Strong
gbJaM4WumgVBy2V,15,6,7,2,0,Medium
J1cMepM,7,3,3,1,0,Medium
H6Apd8wb,8,2,4,2,0,Medium
lE6IIc9,7,3,2,2,0,Medium
tBiYWde,7,3,4,0,0,Weak
370wbfiJK9zId,13,3,6,4,0,Medium
IyE5af3!DgKUlV68,16,6,5,4,1,Strong
uVV*sPS0wZV7SL,14,8,3,2,1,Strong
@*0U3lGr,8,2,2,2,2,Strong
T75*vfR#sR*,11,3,3,2,3,Strong
urAYk1o#*f%naGvD,16,4,8,1,3,Strong
Q!oPVY%YCS0nC6ty,16,8,4,2,2,Strong
#n@sjN,6,1,3,0,2,Medium
ZMA*mydcd,9,3,5,0,1,Medium
pAxjiG5p2T,10,3,5,2,0,Medium
ZbMRXVAM29f!e@OS,16,9,3,2,2,Strong
G8X&m2,6,2,1,2,1,Medium
S!dWe!l8G*lkFm6,15,4,6,2,3,Strong
RE8ePN5B0mbq,12,5,4,3,0,Medium
d#4i#x7JX&gGp%!,15,3,5,2,5,Strong
5LufLQ2o,8,3,3,2,0,Medium
tjz9!FaXwWfMxCR@,16,6,7,1,2,Strong
4omvrqd4@,9,0,6,2,1,Medium
3c^V*n18eJ3,11,2,3,4,2,Strong
2iilHT8Z#Frpdu,14,4,7,2,1,Strong
xz5*VH9,7,2,2,2,1,Medium
x0ofDzs,7,1,5,1,0,Medium
rYbVh$bo^I,10,3,5,0,2,Medium
^bMrOF9By899Bmw,15,5,5,4,1,Strong
*jsq$si9$jvF,12,1,7,1,3,Strong
0UCH0h3fPYdyVY5C,16,8,4,4,0,Medium
9$0uE%K@,8,2,1,2,3,Strong
3d1iksf,7,0,5,2,0,Weak
JYJ7RM&PN8$,11,7,0,2,2,Medium
Xr8Rl!R&%iGII,13,6,3,1,3,Strong
$DOPEySNyQ,10,7,2,0,1,Medium
0JH2yrLyU*PA7%,14,6,3,3,2,Strong
pLFARx@V,8,5,2,0,1,Medium
Y9I6&RsGj,9,4,2,2,1,Strong
pWYaiyG@6J,10,4,4,1,1,Strong
1zIg2!n83XOprx,14,3,6,4,1,Strong
UgfiJn&,7,2,4,0,1,Medium
qm2AfhboRJ,10,3,6,1,0,Medium
3EDCITEtcO,10,7,2,1,0,Medium
vXA*culI!,9,3,4,0,2,Medium
mF0CE6v,7,3,2,2,0,Medium
CJnaEN3X,8,5,2,1,0,Medium
BDmk044tXWc*I,13,5,4,3,1,Strong
!3^RPc@#X,9,3,1,1,4,Strong
AVsjWvZABOTZJ,13,10,3,0,0,Medium
LDW8dFi5c,9,4,3,2,0,Medium
SUWc!352l3GS,12,5,2,4,1,Strong
IUH9uvC%^,9,4,2,1,2,Strong
eWUgDlulg,9,3,6,0,0,Medium
k^G5tLs3Jx,10,3,4,2,1,Strong
0Nv%iDlgw,9,2,5,1,1,Strong
82vEczjimI,10,2,6,2,0,Medium
&p7Vwt&x,8,1,4,1,2,Strong
bPvI$c##h,9,2,4,0,3,Medium
rvg8tqEVJ7F6,12,4,5,3,0,Medium
oFufiWra,8,2,6,0,0,Medium
6^!Y*Z^7%T,10,3,0,2,5,Medium
ZG^0v#@qeAjVMo0,15,5,5,2,3,Strong
WMVdO!zcB3s5,12,5,4,2,1,Strong
rMYFscD4G!Z77VA,15,8,3,3,1,Strong
q1gFsmLVgS7X3,13,5,5,3,0,Medium
LT$9f9i,7,2,2,2,1,Medium
QyN#vbmsIhd,11,3,7,0,1,Medium
B%Vd5ZQ6SPKVg%,14,8,2,2,2,Strong
p4!3$e#itWQ4Iss,15,3,6,3,3,Strong
lXJYCffMb,9,5,4,0,0,Medium
y1y1t2GA,8,2,3,3,0,Medium
iueH9i,6,1,4,1,0,Medium
7v@ok6RV8,9,2,3,3,1,Strong
QP^t%JFCc3,10,5,2,1,2,Strong
IQ$M@ZgMGnsCC,13,8,3,0,2,Medium
7tm*#U0Z1,9,2,2,3,2,Strong
QMkFu9iOh3Z3t18,15,5,5,5,0,Medium
QVpNE!,6,4,1,0,1,Medium
YBZ3EKFvRuPWk,13,9,3,1,0,Medium
kkbt*2@,7,0,4,1,2,Medium
tga8wer,7,0,6,1,0,Weak
UTlfvNQmek,10,4,6,0,0,Medium
ayvY!n,6,1,4,0,1,Medium
L^jKri7Hu$,10,3,4,1,2,Strong
@CKeYRu,7,4,2,0,1,Medium
5T$NLZ1ENPAE7,13,9,0,3,1,Medium
tekhpsn5,8,0,7,1,0,Medium
tjKQOE93,8,4,2,2,0,Medium
pMA8eUuYySig,12,5,6,1,0,Medium
GXx@7Y,6,3,1,1,1,Medium
5rP2OxavG1l,11,3,5,3,0,Medium
QsfrE$@Jzx1eb,13,3,7,1,2,Strong
URVRan9#zBsQ#J^Y,16,8,4,1,3,Strong
z3f6L&6fKQc0i8,14,3,5,5,1,Strong
7DOC5HMeDGYH,12,9,1,2,0,Medium
^DfC5E,6,3,1,1,1,Medium
a3gjJ&*1c#Ng,12,2,5,2,3,Strong
B&KoEXQw*zb2k,13,5,5,1,2,Strong
F9cmqHvLG1u,11,4,5,2,0,Medium
AuUmKN*ijtpa,12,4,7,0,1,Medium
iIwo5Rp#&,9,2,4,1,2,Strong
$p9JkTlTwXy*G,13,5,5,1,2,Strong
liusRu,6,1,5,0,0,Weak
&y9SdRX3n$ZBvy,14,5,5,2,2,Strong
9iD@6XPVzfe5yaT,15,5,6,3,1,Strong
VR1aO7,6,3,1,2,0,Medium
rm%or8@,7,0,4,1,2,Medium
RpeOFN&2LenhMr,14,6,6,1,1,Strong
WtJR0j^Uj@,10,4,3,1,2,Strong
M0cdKPxlr^,10,3,5,1,1,Strong
mUomHQOpxBkDgJN,15,8,7,0,0,Medium
*k*MMmZfN1lQIg,14,6,5,1,2,Strong
iman9f8U,8,1,5,2,0,Medium
*nHuFkQvxnc8,12,3,7,1,1,Strong
qv$E0a%Iy,9,2,4,1,2,Strong
Eh3BXy^LSrZ0K,13,7,3,2,1,Strong
Fp1G@aoZyG,10,4,4,1,1,Strong
xpFqfDFf,8,3,5,0,0,Medium
YrBJoaA,7,4,3,0,0,Weak
b0nRA5s,7,2,3,2,0,Medium
pVP0W%J4,8,4,1,2,1,Strong
zsAXTyF!!J3gGa37,16,6,5,3,2,Strong
hh6^LA0o,8,2,3,2,1,Strong
sKJw2b8^i6,10,2,4,3,1,Strong
MC5zJ9XIu9C,11,6,2,3,0,Medium
rcE!XC$soIV%G,13,6,4,0,3,Medium
I%NZcin,7,3,3,0,1,Medium
KGF^x@^at,9,3,3,0,3,Medium
P1Ra9y,6,2,2,2,0,Medium
nN2GIzZT,8,5,2,1,0,Medium
W8zFPfR,7,4,2,1,0,Medium
8E&Q@D3cjnr,11,3,4,2,2,Strong
0fA70&jn4,9,1,3,4,1,Strong
CBBVmeGb,8,5,3,0,0,Medium
0pJ5AlREplG&Ef8,15,6,5,3,1,Strong
*va!B0Qml#,10,2,4,1,3,Strong
DJa2ST5vdmcJywu,15,5,8,2,0,Medium
fwzAzqL6h,9,2,6,1,0,Medium
5CrepAUM3tiu8Wav,16,5,8,3,0,Medium
e&w1nkuBjt1,11,1,7,2,1,Strong
3DvI%^Q,7,3,1,1,2,Medium
u&B52w4JOHBcz,13,5,4,3,1,Strong
LW&7loqgD&o9,12,3,5,2,2,Strong
rg%x&DqEg$*j,12,2,6,0,4,Medium
&kR^&lHHQ,9,4,2,0,3,Medium
rwf2!ArCl%s4j2,14,2,7,3,2,Strong
*kP6vJRdebdddkPv,16,4,10,1,1,Strong
kky9m4&VhdtTOWo#,16,4,8,2,2,Strong
LLHuk*s*9K!%jtwK,16,5,6,1,4,Strong
fOW8f#37dfgaHF,14,4,6,3,1,Strong
SRlU%J^tZWpE,12,7,3,0,2,Medium
tI$DPVgUNvWf,12,7,4,0,1,Medium
f8g0AE06Tc^xqi,14,3,6,4,1,Strong
IgpYG^,6,3,2,0,1,Medium
^aHHw8@,7,2,2,1,2,Medium
%yWy^iZIF,9,4,3,0,2,Medium
isZLv%N0,8,3,3,1,1,Strong
ucF1qV^3Bn,10,3,4,2,1,Strong
Gk7fXLXuTV,10,6,3,1,0,Medium
fxZDVR*xLy,10,5,4,0,1,Medium
k8WN0J,6,3,1,2,0,Medium
$^#cCnVE#%,10,3,2,0,5,Medium
JQr7hReL,8,4,3,1,0,Medium
hLEABATy^GOpYCsn,16,10,5,0,1,Medium
m6^7p*g,7,0,3,2,2,Medium
zElz@BrZPCf0ejk,15,5,8,1,1,Strong
#@PXm7#0^bbxAdd,15,3,6,2,4,Strong
nQ1oq^bFWQ8@HKp,15,6,5,2,2,Strong
aBYVSrhjNjp^,12,5,6,0,1,Medium
Kn*LCDY^9Rdr0yvu,16,6,6,2,2,Strong
#sjE5JQR1,9,4,2,2,1,Strong
lGeLq%&,7,2,3,0,2,Medium
fUcRE@Y23f%m,12,4,4,2,2,Strong
q2cfyh%,7,0,5,1,1,Medium
UXYldXt6j,9,4,4,1,0,Medium
BmwBGRTg3$x,11,5,4,1,1,Strong
n!!2sA^HLfoE,12,4,4,1,3,Strong
a^5yRME9^r,10,3,3,2,2,Strong
fBDVpgnV5cg#,12,4,6,1,1,Strong
iLKxc5GvZ1W,11,5,4,2,0,Medium
L6l%Ls&UXFsQnLc#,16,7,5,1,3,Strong
ywynxCLs3Z,10,3,6,1,0,Medium
h0c8tYp61d4wBND,15,4,6,5,0,Medium
CPUF%rcKaS0ps3,14,6,5,2,1,Strong
dsZT*s3IlWW,11,5,4,1,1,Strong
0jBb92msy^O,11,2,5,3,1,Strong
RpGyIZ*tEN$Ifdv,15,7,6,0,2,Medium
Caa$3YXihoX#z,13,4,6,1,2,Strong
kyQdgiW,7,2,5,0,0,Weak
hJkLjPg60w%z40,14,3,6,4,1,Strong
sgVCJIc@44KYuh5r,16,6,6,3,1,Strong
0qrScl!8Xgui,12,2,7,2,1,Strong
cY^&Hiyzz6,10,2,5,1,2,Strong
lqOTvzSZn,9,4,5,0,0,Medium
*k7bAvnkuaWoC,13,3,8,1,1,Strong
E$Oq7@*SWpyB,12,5,3,1,3,Strong
j*LNHgvPgsYL$,13,6,5,0,2,Medium
m3JKgE,6,3,2,1,0,Medium
AGnY8&ns7@$vx,13,3,5,2,3,Strong
bul!&xn,7,0,5,0,2,Weak
yH%1v*R!4D2D*Fo$,16,5,3,3,5,Strong
*O0dRD5c,8,3,2,2,1,Strong
*2Zp69hZ@EZ%s,13,4,3,3,3,Strong
UaW*sk,6,2,3,0,1,Medium
vxCSPulYUbQ*5nHZ,16,8,6,1,1,Strong
tj%wjrPY6f&IE3*,15,4,6,2,3,Strong
*cuqeQeD*3,10,2,5,1,2,Strong
G#LqMR$ikKS5*#6,15,6,3,2,4,Strong
4lTwE*,6,2,2,1,1,Medium
5X9z*xd5JWji,12,3,5,3,1,Strong
7@&@X*t3#@tqO%z@,16,2,4,2,8,Strong
&O^aZx,6,2,2,0,2,Medium
EVgIdUXWQ6edpvJ*,16,8,6,1,1,Strong
RVIGx^Y6,8,5,1,1,1,Strong
YzrTLxFr&IYCy*n,15,7,6,0,2,Medium
ZvHkPx&R9wR,11,5,4,1,1,Strong
vvZCCR^VnC#n,12,6,4,0,2,Medium
YVUd!%HXPcP!KH,14,9,2,0,3,Medium
ayNp$jo99,9,1,5,2,1,Strong
gz%QEIel,8,3,4,0,1,Medium
AYNlPL6nPPz,11,7,3,1,0,Medium
BwUB18^,7,3,1,2,1,Medium
E25OfcI,7,3,2,2,0,Medium
nKleTw6X,8,3,4,1,0,Medium
^p^8hq9aIUqE$^S,15,4,5,2,4,Strong
urQ21hP#15&4,12,2,3,5,2,Strong
Mvr@R$RJ*R,10,5,2,0,3,Medium
2UOKw#qMpk2Qdra,15,5,7,2,1,Strong
ftNVDD,6,4,2,0,0,Weak
EqoPOiA,7,4,3,0,0,Weak
PR9e%A,6,3,1,1,1,Medium
2xmKMK%^XX!s@C25,16,6,3,3,4,Strong
4L0taqU$vVKAi^Bw,16,6,6,2,2,Strong
nryiqzsaNlhWbl,14,2,12,0,0,Medium
F1H!uA7Sd&v8Z%,14,5,3,3,3,Strong
6wxS97P,7,2,2,3,0,Medium
UI9rWtePsl,10,4,5,1,0,Medium
6WEnYgx4p8wi6B,14,4,6,4,0,Medium
4BxdPxwtB,9,3,5,1,0,Medium
vm2PjMEsEvPU,12,6,5,1,0,Medium
*AONI1p!7,9,4,1,2,2,Strong
CuYLFcQHG@ox5,13,7,4,1,1,Strong
4axw4iuhQF7^@oB,15,3,7,3,2,Strong
Pr%FqtdmrUYgy,13,4,8,0,1,Medium
efH!7%##,8,1,2,1,4,Strong
4SAV$TxE&YhfzcJ,15,7,5,1,2,Strong
EXkPo6iSuA,10,5,4,1,0,Medium
lctvSdlMz9J$yhz,15,3,10,1,1,Strong
18kA@l,6,1,2,2,1,Medium
osYgttoAup607rg,15,2,10,3,0,Medium
looWZnq,7,2,5,0,0,Weak
fpe5rR^4,8,1,4,2,1,Strong
zBeLy3WRA,9,5,3,1,0,Medium
bw6M%ntKwmlKcY,14,4,8,1,1,Strong
^rRbPrtKWqcyUSWi,16,7,8,0,1,Medium
aBSq@cmD6psJy2TP,16,6,7,2,1,Strong
UXNqBdHjtds9g2,14,5,7,2,0,Medium
Uu9D@Jh,7,3,2,1,1,Medium
h4k32c0D,8,1,3,4,0,Medium
qK^nROHu,8,4,3,0,1,Medium
aCKeFhpcUZ@5V2Ni,16,7,6,2,1,Strong
4SVK2wFG9nr,11,5,3,3,0,Medium
73aofhp$pe,10,0,7,2,1,Medium
d0Dm5ZJl!,9,3,3,2,1,Strong
2%f*b%mU,8,1,3,1,3,Strong
nsdnRh7kz$f05,13,1,8,3,1,Strong
Fg7DQkg,7,3,3,1,0,Medium
U^J!MzZwoz,10,4,4,0,2,Medium
c3xS&^,6,1,2,1,2,Medium
T522G@dApaQzzZu4,16,5,6,4,1,Strong
3Y3tkTi^Er,10,3,4,2,1,Strong
cehIZ12mNQdio,13,4,7,2,0,Medium
5!7pGe,6,1,2,2,1,Medium
HE*iIa,6,3,2,0,1,Medium
FiOwfG#eM@Y,11,5,4,0,2,Medium
^@Ciz74p1WLn0Wm,15,4,5,4,2,Strong
B!Kg!9IF,8,4,1,1,2,Strong
wP3xA$Lo5,9,3,3,2,1,Strong
iHv3rd,6,1,4,1,0,Medium
7g$6*vnl0,9,0,4,3,2,Medium
udHm*k,6,1,4,0,1,Medium
V$#5sok4c,9,1,4,2,2,Strong
#L$dj*ZHM&rup5,14,4,5,1,4,Strong
%$D4#V4b*wh,11,2,3,2,4,Strong
H*f18O,6,2,1,2,1,Medium
lxyWkMZlku$@I,13,4,7,0,2,Medium
2#t7Y9gI,8,2,2,3,1,Strong
TDpHl2,6,3,2,1,0,Medium
T2f@Fw!,7,2,2,1,2,Medium
CQWTn6YxLf,10,6,3,1,0,Medium
1KWX*FH2dI5$Nti,15,7,3,3,2,Strong
btRnXsuTF0J**,13,5,5,1,2,Strong
a#CI&Z&#,8,3,1,0,4,Medium
f3rHY9t^4,9,2,3,3,1,Strong
i2cilMjBoFTuA0n,15,5,8,2,0,Medium
B80aRxFfG,9,4,3,2,0,Medium
$mZQcvUJM@s,11,5,4,0,2,Medium
pm2OeyLJd1,10,3,5,2,0,Medium
i89i%qH&*f**,12,1,4,2,5,Strong
Z7smIk,6,2,3,1,0,Medium
I0%nCPxYWH*2&,13,6,2,2,3,Strong
FY4N#WNlPRHOgop,15,9,4,1,1,Strong
rxh9UFWfSoj8k2h,15,4,8,3,0,Medium
&YA1OF0qm,9,4,2,2,1,Strong
HPVhW!agdMrM^G,14,7,5,0,2,Medium
gLWWJ33@,8,4,1,2,1,Strong
gP3HubNO2U!4,12,5,3,3,1,Strong
&d5NOCy#d2q,11,3,4,2,2,Strong
VHZWqx1RL,9,6,2,1,0,Medium
nYQSDg,6,4,2,0,0,Weak
2uxpwt,6,0,5,1,0,Weak
x5298NZrOi,10,3,3,4,0,Medium
dnkwJmlV#G&%,12,3,6,0,3,Medium
Xha&bn8%Y9@qzkwT,16,3,8,2,3,Strong
bI5r0Hv2jsovg,13,2,8,3,0,Medium
^GD9RD3SX,9,6,0,2,1,Medium
g7SvVH$wNqpD#P,14,6,5,1,2,Strong
UIge2GNVK7,10,6,2,2,0,Medium
szjoryt5K&!,11,1,7,1,2,Strong
k54YAFLv!vdy&Wvj,16,5,7,2,2,Strong
Tb*hiXFfGQyeX,13,6,6,0,1,Medium
DP*#sIDQDNben$i,15,7,5,0,3,Medium
48#K$i2SwJGG,12,5,2,3,2,Strong
UHH2g&A&Ui8B5nbP,16,7,4,3,2,Strong
ps&6#$G&X,9,2,2,1,4,Strong
2^$thNO9r9nJ5rG,15,4,5,4,2,Strong
Del*WGwIqAC5,12,6,4,1,1,Strong
%EEnto@d,8,2,4,0,2,Medium
uAw%$gBvspfo,12,2,8,0,2,Medium
xDwaci,6,1,5,0,0,Weak
X73Wofd$9XpbkL,14,4,6,3,1,Strong
VXlKhELOF,9,7,2,0,0,Medium
k$g9J1ryON0Omeaz,16,4,8,3,1,Strong
6ZxaVJ,6,3,2,1,0,Medium
W4jQcf33X2I,11,4,3,4,0,Medium
jbYVMll,7,3,4,0,0,Weak
Ka5*PmZI8,9,4,2,2,1,Strong
%bVy31,6,1,2,2,1,Medium
zLsW&ZuX6b^D*3,14,5,4,2,3,Strong
%p8^!jUdV2xU6j,14,3,5,3,3,Strong
6WcEqclq3T6%xWb,15,4,7,3,1,Strong
kaVrj7UQ$O,10,4,4,1,1,Strong
6!6Llr!,7,1,2,2,2,Medium
Xxjm*sJlZr,10,3,6,0,1,Medium
Iwus9Q$j5gHU,12,4,5,2,1,Strong
qnSLV!fO3#,10,4,3,1,2,Strong
asqU@acg,8,1,6,0,1,Medium
ZCR0Jg6,7,4,1,2,0,Medium
BrJ8w#uP,8,3,3,1,1,Strong
ahl!%%xuH5,10,1,5,1,3,Strong
lr1jX*Va9,9,2,4,2,1,Strong
hShloVa,7,2,5,0,0,Weak
w7nlOx2kfUD4grz,15,3,9,3,0,Medium
e7j3Ob,6,1,3,2,0,Medium
9Gl#NP,6,3,1,1,1,Medium
Ds%70B0SqG,10,4,2,3,1,Strong
8o0l$s8zN&,10,1,4,3,2,Strong
BjeHQft,7,3,4,0,0,Weak
ZCxi7LBU4G^,11,6,2,2,1,Strong
Rt1^hZI*3,9,3,2,2,2,Strong
25yCGM,6,3,1,2,0,Medium
#yMwODWMZr*gQQ,14,8,4,0,2,Medium
54JgYU,6,3,1,2,0,Medium
QTkUYuAxbe*QP,13,7,5,0,1,Medium
f@NdnDm,7,2,4,0,1,Medium
m7#Xmcs,7,1,4,1,1,Medium
L4XgwvdZVDO,11,6,4,1,0,Medium
kwakrx4OTh,10,2,7,1,0,Medium
u1gkOo,6,1,4,1,0,Medium
BxSH4Re4Kf@,11,5,3,2,1,Strong
4yq7gTU,7,2,3,2,0,Medium
dDigbYKBMbApaJSq,16,8,8,0,0,Medium
B2f#Ki,6,2,2,1,1,Medium
*MmCRw*,7,3,2,0,2,Medium
SFVRsfUXjeh,11,6,5,0,0,Medium
!bcY2hj*X49H,12,3,4,3,2,Strong
E9#IqB,6,3,1,1,1,Medium
yKNVCcaY!6WuQPbB,16,9,5,1,1,Strong
Sbj@BWOG,8,5,2,0,1,Medium
YxKn6&Gx,8,3,3,1,1,Strong
hxtCCNQmibef1fT,15,5,9,1,0,Medium
a*0$GFbto,9,2,4,1,2,Strong
XY4CraK,7,4,2,1,0,Medium
Q6Q*5Pxlv2NvYfDE,16,7,5,3,1,Strong
wbs6VT%xjG77,12,3,5,3,1,Strong
qa4olS,6,1,4,1,0,Medium
Caxy3vmv,8,1,6,1,0,Medium
T^p%!aU,7,2,2,0,3,Medium
m3no#3B&VQkO78v,15,4,5,4,2,Strong
W%fgRE9,7,3,2,1,1,Medium
BiWt$9w$JQNgm$,14,5,5,1,3,Strong
v9uagwBL,8,2,5,1,0,Medium
qDrthGlJJ!JBq^,14,6,6,0,2,Medium
i1Uzbqb,7,1,5,1,0,Medium
eAgJtCqq,8,3,5,0,0,Medium
@TqnFVyfq#l1Q,13,4,6,1,2,Strong
0GYzah,6,2,3,1,0,Medium
D466TYm&Cqj,11,4,3,3,1,Strong
cul1j8MWfu^BpdHF,16,5,8,2,1,Strong
JiXYutkzp1!b#h,14,3,8,1,2,Strong
ZV1Y6fXDYtk,11,6,3,2,0,Medium
$YUUhMKGMe43YzN,15,9,3,2,1,Strong
yC1SbMWv6yqvXr3,15,5,7,3,0,Medium
lLsGB0r,7,3,3,1,0,Medium
PItm$$f&@m0,11,2,4,1,4,Strong
ENkWHCzR,8,6,2,0,0,Medium
rK6xUhU&E,9,4,3,1,1,Strong
FHzeEjkU^,9,4,4,0,1,Medium
ZdVIV7XI@Q6ZI,13,9,1,2,1,Strong
QzUE3V8IYX#Wi3AJ,16,10,2,3,1,Strong
kwRKVc&b,8,3,4,0,1,Medium
QN$lRxZsPVWYM5x,15,9,4,1,1,Strong
Eb6JrEV,7,4,2,1,0,Medium
pIxXpKgH*zFu1oM,15,6,7,1,1,Strong
NBh50C6Cncd,11,4,4,3,0,Medium
p@^TvspkV5lJOu,14,4,7,1,2,Strong
UJw3#6HI@,9,4,1,2,2,Strong
o@yud^,6,0,4,0,2,Weak
RsC475q3ZP0y,12,4,3,5,0,Medium
7aoJhfTt4,9,2,5,2,0,Medium
idVP%fedt9wqiN,14,3,9,1,1,Strong
O7yp2dMD,8,3,3,2,0,Medium
pBY^l@vezpzWSSt,15,5,8,0,2,Medium
Ywdx!FSqVTBEsv,14,7,6,0,1,Medium
4Dy%waKU,8,3,3,1,1,Strong
CTCqD22l#Se8Y,13,6,3,3,1,Strong
g6f$xX@,7,1,3,1,2,Medium
#uzWemb,7,1,5,0,1,Medium
ptYmTCxl@3H&H,13,5,5,1,2,Strong
9zP4HqsABtsu,12,4,6,2,0,Medium
cnLGtStxwTZhWx,14,6,8,0,0,Medium
RBVgXF9Fio&hIY!,15,8,4,1,2,Strong
nEa!ODNpPt,10,5,4,0,1,Medium
jCXwZh,6,3,3,0,0,Weak
KZD8UXiOJ8fUOG,14,10,2,2,0,Medium
jwiVl2IjjRQ2Icl,15,5,8,2,0,Medium
WBP5@Txh9arcGv3,15,5,6,3,1,Strong
bj@mrltN,8,1,6,0,1,Medium
zF3Z7&6,7,2,1,3,1,Medium
e%8Bjv2!9Dkx,12,2,5,3,2,Strong
4Xd6R^&8,8,2,1,3,2,Strong
*1TEANzolWQNyd$Q,16,8,5,1,2,Strong
DpsfupiT,8,2,6,0,0,Medium
S!WIK6,6,4,0,1,1,Medium
9agar17YNN,10,3,4,3,0,Medium
3@ZM55Nl1zXS2e,14,5,3,5,1,Strong
Qec0FTOC8z,10,5,3,2,0,Medium
XI2x74,6,2,1,3,0,Medium
oTrWCPA,7,5,2,0,0,Weak
V7bwVS,6,3,2,1,0,Medium
u^u70A2,7,1,2,3,1,Medium
EkOL^QYSK0,10,7,1,1,1,Strong
3FMQHLCNGjNpYFFH,16,13,2,1,0,Medium
5KCI0Hc^vs,10,4,3,2,1,Strong
gQ#1q9B&%,9,2,2,2,3,Strong
ImFunb5qhwo9f9P,15,3,9,3,0,Medium
%SyK0VR8qq,10,4,3,2,1,Strong
FbfMJ3,6,3,2,1,0,Medium
WisCgdsTnr,10,3,7,0,0,Medium
A7QYT^Y,7,5,0,1,1,Medium
QR8a3kBiH,9,4,3,2,0,Medium
MyHPYXCkjC*,11,7,3,0,1,Medium
VgALxy0ureFyN6,14,5,7,2,0,Medium
xH0AncMD51,10,4,3,3,0,Medium
Y*deOsJWgtl!4K,14,5,6,1,2,Strong
7HyeMAO,7,4,2,1,0,Medium
tD&Ugu,6,2,3,0,1,Medium
J2YRx5Ru,8,4,2,2,0,Medium
zr%tDbrcr,9,1,7,0,1,Medium
ZnBAbDcCzG0,11,6,4,1,0,Medium
4ip26Ub42s9SO,13,3,4,6,0,Medium
hwJVAhkwD,9,4,5,0,0,Medium
H!vEdBIqfq*L6ic,15,5,7,1,2,Strong
6uuqLgV,7,2,4,1,0,Medium
40H*7n,6,1,1,3,1,Medium
@PH0nxHgXU*D&,13,6,3,1,3,Strong
t8sR#ixtOfRXY,13,5,6,1,1,Strong
KG#sF!Fy5jxmqk,14,4,7,1,2,Strong
gp^6$fE,7,1,3,1,2,Medium
1gj6g!LeCtT,11,3,5,2,1,Strong
GTwOo@n,7,3,3,0,1,Medium
ws@XGFC6,8,4,2,1,1,Strong
ucULtsoW,8,3,5,0,0,Medium
WPHWyya*,8,4,3,0,1,Medium
zLLM4cN#%,9,4,2,1,2,Strong
$QbI7cvbVW#Sj,13,5,5,1,2,Strong
Oy5@GxY2AuO1DIx,15,7,4,3,1,Strong
@8OvuTtc1kZS*,13,4,5,2,2,Strong
srdVutK,7,2,5,0,0,Weak
jP0BftO,7,3,3,1,0,Medium
ZD3F7t0wLxf,11,4,4,3,0,Medium
WjQH$dRmyAnC,12,6,5,0,1,Medium
&ffI&CuikwtmwjVL,16,4,10,0,2,Medium
oV&t3*1&@ZMbno,14,3,5,2,4,Strong
PH&hXNNrafXw#@,14,6,5,0,3,Medium
^9FO%PXZKZNp3,13,8,1,2,2,Strong
BLxos3sw,8,2,5,1,0,Medium
yxcNifK,7,2,5,0,0,Weak
G&BoK!$o,8,3,2,0,3,Medium
85t0J^m,7,1,2,3,1,Medium
u$zochC320cvahaS,16,2,10,3,1,Strong
u*Ry*Yyma,9,2,5,0,2,Medium
fPwIF^EaTu1,11,5,4,1,1,Strong
vhh5Y&3u63FDwA#,15,4,5,4,2,Strong
XAB90k#Ro*ZwY6n,15,6,4,3,2,Strong
3Nnajyt#u,9,1,6,1,1,Strong
Ctm*$CSx7,9,3,3,1,2,Strong
i^9PcZ9@Xmf2Vva,15,4,6,3,2,Strong
&%mIFjq740o6#oT1,16,3,5,5,3,Strong
&F*MS@wctYWVZ&X,15,8,3,0,4,Medium
TmrP5AN#,8,4,2,1,1,Strong
uRPCI3b4Mrc4I8s,15,6,5,4,0,Medium
02Mi4Y!ca6N@GTK,15,6,3,4,2,Strong
Jj$y#Mo07FK6,12,4,3,3,2,Strong
RAZ&&nWL&dHLOb,14,8,3,0,3,Medium
v$YbPvpeuZr6fYZ,15,5,8,1,1,Strong
hc*wI&GT%n,10,3,4,0,3,Medium
a*yfQ9N*E,9,3,3,1,2,Strong
8HnS1Ebt5VbgaBf,15,5,7,3,0,Medium
SXZnTAcTXLmHy4*L,16,10,4,1,1,Strong
5g#9cp^8u1ed,12,0,6,4,2,Medium
A2VpgDI,7,4,2,1,0,Medium
MGqfY9JR2Z,10,6,2,2,0,Medium
vMeWsqoPS39,11,4,5,2,0,Medium
O2wxxpbQ,8,2,5,1,0,Medium
BL4dH@N9X,9,5,1,2,1,Strong
*KPVC3PvmD,10,6,2,1,1,Strong
COa!krKQSBnvha,14,6,7,0,1,Medium
Yqxli8Es7,9,2,5,2,0,Medium
u2I&*FSPPPvxN,13,7,3,1,2,Strong
SrOmZo#P,8,4,3,0,1,Medium
Vk5ihRg^gUNlH,13,5,6,1,1,Strong
6NI8DUBTsM4^L,13,8,1,3,1,Strong
7pTM6zH,7,3,2,2,0,Medium
AeQD!$&dCy,10,4,3,0,3,Medium
^B1kizE,7,2,3,1,1,Medium
%x2e$8#&wiTw9*8z,16,1,6,4,5,Strong
K3xOiO,6,3,2,1,0,Medium
p4N0PBPC,8,5,1,2,0,Medium
$gm$nT29yLJW@,13,4,4,2,3,Strong
94WuYiN,7,3,2,2,0,Medium
AYrGW3HRg,9,6,2,1,0,Medium
deog&R9Dc&DRumk,15,4,8,1,2,Strong
0%LKvLXJ$%M6V4,14,7,1,3,3,Strong
V!QS%q%o,8,3,2,0,3,Medium
gwsj47&jrM^*y5k,15,1,8,3,3,Strong
bQ^MHQmIA2@u%,13,6,3,1,3,Strong
%nkxBdA^#R3&,12,3,4,1,4,Strong
kF!&kJR,7,3,2,0,2,Medium
bcvn47gVOs22ACV,15,5,6,4,0,Medium
O#&c7bO,7,2,2,1,2,Medium
qYcppEkbF,9,3,6,0,0,Medium
q8NrOSpF2fh^P&,14,5,5,2,2,Strong
#pfKPhr,7,2,4,0,1,Medium
B7AZiR^@AW,10,6,1,1,2,Strong
r4kBS$ZFATEh,12,7,3,1,1,Strong
Q*P3lU,6,3,1,1,1,Medium
L5FlQXWE!xTSomWL,16,10,4,1,1,Strong
Yfr$E8!x6,9,2,3,2,2,Strong
u*1W0a,6,1,2,2,1,Medium
FLw%kWGGi0j,11,5,4,1,1,Strong
n7PAQ&,6,3,1,1,1,Medium
M0HfVpey*ar!BbHs,16,5,8,1,2,Strong
1A2r$nHHI6o^D,13,5,3,3,2,Strong
OBc0f1@ZHaww#&J,15,5,5,2,3,Strong
$6IOSoEQ&6r!p6I,15,6,3,3,3,Strong
c2pnXIezN,9,3,5,1,0,Medium
#%i#@A84T,9,2,1,2,4,Strong
CDBZK85bGmDbbo,14,7,5,2,0,Medium
y$1cx*qYrSH,11,3,5,1,2,Strong
fHivDkeT,8,3,5,0,0,Medium
7raIJich@ImBu,13,4,7,1,1,Strong
VEjh9NmssJ,10,4,5,1,0,Medium
7d8tXG0AxwVk@M,14,5,5,3,1,Strong
xLbHBw1m,8,3,4,1,0,Medium
&geyNW^,7,2,3,0,2,Medium
mWBg8bt*Z5vh,12,3,6,2,1,Strong
eeQEY1ri,8,3,4,1,0,Medium
Uz0*dbR78Odhm@F,15,4,6,3,2,Strong
Qbd7B7ly,8,2,4,2,0,Medium
5vulnA,6,1,4,1,0,Medium
Wf$8jX@sxpdGOJ,14,5,6,1,2,Strong
o@ovi8a6GNF0,12,3,5,3,1,Strong
sCMLqx,6,3,3,0,0,Weak
slYbsRxBIks,11,4,7,0,0,Medium
cIN58xWcAx1TOmCq,16,7,6,3,0,Medium
0k7MdrIST*SoW,13,6,4,2,1,Strong
qnnoO&,6,1,4,0,1,Medium
lv3*ZK&0G92$1qB,15,4,3,5,3,Strong
Whb#^IN6Hd$D4,13,5,3,2,3,Strong
loe!Lqk3MfgZ^zYq,16,4,9,1,2,Strong
PDJ*I$3I5,9,5,0,2,2,Medium
#upC^0,6,1,2,1,2,Medium
J3xsbvivz!s,11,1,8,1,1,Strong
TQaABa,6,4,2,0,0,Weak
cc%WFL,6,3,2,0,1,Medium
6Eoaa%%lpGpZ,12,3,6,1,2,Strong
clXtEr,6,2,4,0,0,Weak
@z6&6fXb*RM*k29H,16,4,4,4,4,Strong
Ffgc$JCF3pmF,12,5,5,1,1,Strong
km%kOlVHQ#sNt,13,5,6,0,2,Medium
yHbiUA,6,3,3,0,0,Weak
EJ00d5PWGKI,11,7,1,3,0,Medium
34sgmhrIcr*l,12,1,8,2,1,Strong
trC$5KatYse^S#,14,4,6,1,3,Strong
@HPr7DT,7,4,1,1,1,Medium
y0NuCS6cbLlumrQn,16,5,9,2,0,Medium
o1iwPScKYoeh7w,14,4,8,2,0,Medium
hH20dgkqF,9,2,5,2,0,Medium
s6ldlwzq2iSlqd,14,1,11,2,0,Medium
H&Vb@23PCHNWfNws,16,8,4,2,2,Strong
1CMXdnlQEaU@A,13,7,4,1,1,Strong
!tHES1k!0&,10,3,2,2,3,Strong
uOmq6xY5,8,2,4,2,0,Medium
$Y1XSZ,6,4,0,1,1,Medium
qJj40*4$,8,1,2,3,2,Strong
L87kuhAUbe,10,3,5,2,0,Medium
n$M#9MsqEOIA,12,6,3,1,2,Strong
gN1WtotlR3,10,3,5,2,0,Medium
TuTGwcZJKl,10,6,4,0,0,Medium
m@z*k^s,7,0,4,0,3,Weak
Fa2DNCRK##wi^,13,6,3,1,3,Strong
J1&cZZHcSmmfxl,14,5,7,1,1,Strong
VNzJkxFd,8,4,4,0,0,Medium
ZgN^2aE,7,3,2,1,1,Medium
sm#Xghzuhzn5g,13,1,10,1,1,Strong
lJebAM8,7,3,3,1,0,Medium
En@m71f,7,1,3,2,1,Medium
XtTg#Hm,7,3,3,0,1,Medium
K7^QUbpjA4RCR^v,15,7,4,2,2,Strong
c8v^4%a,7,0,3,2,2,Medium
r7hD7o1n2d$o8,13,1,6,5,1,Strong
qzXG9!p&,8,2,3,1,2,Strong
!RDf51nax,9,2,4,2,1,Strong
bUT7#ebvGL,10,4,4,1,1,Strong
rBYxupYeX,9,4,5,0,0,Medium
WT6HY8cX4Ti3pFU,15,8,3,4,0,Medium
lPho0MsX,8,3,4,1,0,Medium
a9bBzUf,7,2,4,1,0,Medium
%HuKBo&CrK*L#iCd,16,7,5,0,4,Medium
Mn2jbO,6,2,3,1,0,Medium
fsmVjW8UX,9,4,4,1,0,Medium
ZFDQDNllaP,10,7,3,0,0,Medium
pJ@1Ht,6,2,2,1,1,Medium
#2pO8FRPor*j5,13,4,4,3,2,Strong
QmrDV@#mRUHtW,13,7,4,0,2,Medium
f7uDXctLL3VJ277s,16,6,5,5,0,Medium
Ti4nd6,6,1,3,2,0,Medium
h#7pUXH9&,9,3,2,2,2,Strong
D9hBm!OND^cx4LjM,16,7,5,2,2,Strong
P6xXguwQHY^Zs5,14,6,5,2,1,Strong
%Mf512Gr,8,2,2,3,1,Strong
5WAs9i,6,2,2,2,0,Medium
RAZ81rTqB,9,5,2,2,0,Medium
3#8g0dH%%YDwhQ,14,4,4,3,3,Strong
EHaSd^s8z1k,11,3,5,2,1,Strong
52GbOyP05h8,11,3,3,5,0,Medium
7@RSGu3jdE^Hsx,14,5,5,2,2,Strong
AZq6Axhwws9nn,13,3,8,2,0,Medium
7V!2p!n,7,1,2,2,2,Medium
vhLu*VoKIZDe,12,6,5,0,1,Medium
wn2bAwxdx0b,11,1,8,2,0,Medium
IxYI@jh,7,3,3,0,1,Medium
*dj57cBkZy5f,12,2,6,3,1,Strong
beLzAx06xGJ,11,4,5,2,0,Medium
Co4uJ43Ea*Ce,12,4,4,3,1,Strong
PHhuSPnCCq7u,12,6,5,1,0,Medium
x*lupXCSgM2hq,13,4,7,1,1,Strong
15YQv6vMTA!H,12,6,2,3,1,Strong
Vc5a#*3Ma1@U0cv,15,3,5,4,3,Strong
*bnvfv,6,0,5,0,1,Weak
jVMEeJH*,8,5,2,0,1,Medium
eCwuSyFAwavFTif,15,6,9,0,0,Medium
VQShoCRK,8,6,2,0,0,Medium
eCZ#KAyFyuL,11,6,4,0,1,Medium
Yu2qa&dS&,9,2,4,1,2,Strong
DpqIIluh4QYOrhps,16,6,9,1,0,Medium
@Zzj96NVJ,9,4,2,2,1,Strong
ibXxIlA5,8,3,4,1,0,Medium
mqxY5jDm9VD,11,4,5,2,0,Medium
q2J8Ot$ZGXns,12,5,4,2,1,Strong
2p5Dda,6,1,3,2,0,Medium
u&IOrIhyvniTDQT,15,7,7,0,1,Medium
OmIArm,6,3,3,0,0,Weak
nMEg%4!7rH7qVGq,15,5,5,3,2,Strong
l#*EGP*o,8,3,2,0,3,Medium
xaM*9@f3@WzAEv3,15,4,5,3,3,Strong
mThvR7*L3Jh,11,4,4,2,1,Strong
Q#T^^y*vP39rZw,14,4,4,2,4,Strong
$IY9qv,6,2,2,1,1,Medium
NBOVkYvuwxS,11,6,5,0,0,Medium
n&xTZv,6,2,3,0,1,Medium
5w0yGxblvu,10,1,7,2,0,Medium
JlKwbb1Yv,9,3,5,1,0,Medium
fr0ZaHRgU3yxi,13,4,7,2,0,Medium
KfcDjgkCFVz&w,13,5,7,0,1,Medium
uM7llCWa,8,3,4,1,0,Medium
1c^s7!,6,0,2,2,2,Medium
ePZJZo1h83qYKB^T,16,8,4,3,1,Strong
bPD7wz,6,2,3,1,0,Medium
2l42sCoAz0,10,2,4,4,0,Medium
bHKl3Mr,7,3,3,1,0,Medium
mXSJKoz6w,9,4,4,1,0,Medium
8X%U91e2AGLxf,13,5,3,4,1,Strong
2i8PRm$4cl,10,2,4,3,1,Strong
ywMxfvKC4NIIj,13,6,6,1,0,Medium
vCIS2Qz#XG5bv,13,6,4,2,1,Strong
L&VCWr1fJ7w,11,5,3,2,1,Strong
%3IibaRD#,9,3,3,1,2,Strong
O9IwlYJEPce,11,6,4,1,0,Medium
C9&jH2gN!0mLC6#,15,5,3,4,3,Strong
HJB6gYWk*5S1G1,14,7,2,4,1,Strong
qXDZiVMl%V%eh,13,6,5,0,2,Medium
58vob%NQ,8,2,3,2,1,Strong
6XcLEU,6,4,1,1,0,Medium
2eReDF4I2$FB,12,6,2,3,1,Strong
Y94BcZ,6,3,1,2,0,Medium
prxx108Jkc$5$,13,1,6,4,2,Strong
#3QB#QfX8A1AMv$#,16,7,2,3,4,Strong
ZdOPcMrrp6hH2,13,5,6,2,0,Medium
*Z4d0YA,7,3,1,2,1,Medium
hiZub8yw,8,1,6,1,0,Medium
k&u!pt1PAD7l6a,14,3,6,3,2,Strong
2NHvZLudA&ElEP,14,8,4,1,1,Strong
coKT15dWwi,10,3,5,2,0,Medium
R&4yaVH^uID$JFg,15,7,4,1,3,Strong
j7&o18#a,8,0,3,3,2,Medium
WICoR^gnWGs$,12,6,4,0,2,Medium
Qaz5fo8,7,1,4,2,0,Medium
t0Mf5g,6,1,3,2,0,Medium
d$*e%i6uZ,9,1,4,1,3,Strong
^v1wLM^P,8,3,2,1,2,Strong
c6s%#R,6,1,2,1,2,Medium
x7Jlj1*a2oXov8Z,15,3,7,4,1,Strong
qbe^rcEp6hw1,12,1,8,2,1,Strong
HJIBPWxGQ,9,8,1,0,0,Medium
!akwbLsMuVB0cl,14,4,8,1,1,Strong
C6UFbxI5,8,4,2,2,0,Medium
hFW5aqLFWOrN,12,7,4,1,0,Medium
TTC2G#,6,4,0,1,1,Medium
&4VJcFZ,7,4,1,1,1,Medium
$*spT5@F%V,10,3,2,1,4,Strong
Z0tzqD2eWZ,10,4,4,2,0,Medium
^0KjqVN!wrgGx,13,4,6,1,2,Strong
^Xxv0qbX1Yj60wy,15,3,7,4,1,Strong
WtFBP9Z$7@5,11,5,1,3,2,Strong
xV3bMpFG^wg%GFm,15,6,6,1,2,Strong
z^yktqZbdai,11,1,9,0,1,Medium
Mg7ZsiNDeK,10,5,4,1,0,Medium
jBMpcA%@Pt*8qe*,15,4,6,1,4,Strong
PXMurLbQth%x,12,5,6,0,1,Medium
RDd!22nHZ,9,4,2,2,1,Strong
*eVZ&qak,8,2,4,0,2,Medium
UFa500m^3Q9tL,13,4,3,5,1,Strong
NFN!Gp,6,4,1,0,1,Medium
OCjy9OZm,8,4,3,1,0,Medium
g@!@zv,6,0,3,0,3,Weak
@ShC1lw,7,2,3,1,1,Medium
sQjz%9,6,1,3,1,1,Medium
A6fyMxLNJ,9,5,3,1,0,Medium
KaI@3d4&1qCOi,13,4,4,3,2,Strong
80Pjj8,6,1,2,3,0,Medium
eTl9Ev&SkITXyGej,16,7,7,1,1,Strong
T$aSS*kmP5HIYU,14,8,3,1,2,Strong
oYg!8agKb,9,2,5,1,1,Strong
FbNONp*JcF*twk*,15,6,6,0,3,Medium
AWYufE,6,4,2,0,0,Weak
V*ZJc4&*btYPuR,14,6,4,1,3,Strong
WK3AAER,7,6,0,1,0,Weak
qzhy7MHc##g3,12,2,6,2,2,Strong
f#9fvfpl*KCkl,13,2,8,1,2,Strong
sXWmmQ&JR,9,5,3,0,1,Medium
gRuZExpoZeL6us,14,5,8,1,0,Medium
OC8a89,6,2,1,3,0,Medium
UJL9h&rzk4,10,3,4,2,1,Strong
LXjRFI1,7,5,1,1,0,Medium
X0q0xFPWaUDbr,13,6,5,2,0,Medium
j&McqV!5aBX%,12,4,4,1,3,Strong
gQgYEfYYE3bV,12,7,4,1,0,Medium
q^l2Ib,6,1,3,1,1,Medium
*pbBfpvhEdsUrcH,15,4,10,0,1,Medium
uz6V7UDoxYf,11,4,5,2,0,Medium
&3fr7S,6,1,2,2,1,Medium
LPGIrfOKKKQC$,13,10,2,0,1,Medium
pcpXSS^,7,3,3,0,1,Medium
KKQYZuvVt,9,6,3,0,0,Medium
